/*******************************************************************************
   Populate Tables
********************************************************************************/
INSERT INTO media_types (id, name) VALUES (1, 'MPEG audio file');
INSERT INTO media_types (id, name) VALUES (2, 'Protected AAC audio file');
INSERT INTO media_types (id, name) VALUES (3, 'Protected MPEG-4 video file');
INSERT INTO media_types (id, name) VALUES (4, 'Purchased AAC audio file');
INSERT INTO media_types (id, name) VALUES (5, 'AAC audio file');

INSERT INTO artists (id, name) VALUES (1, 'AC/DC');
INSERT INTO artists (id, name) VALUES (2, 'Accept');
INSERT INTO artists (id, name) VALUES (3, 'Aerosmith');
INSERT INTO artists (id, name) VALUES (4, 'Alanis Morissette');
INSERT INTO artists (id, name) VALUES (5, 'Alice In Chains');
INSERT INTO artists (id, name) VALUES (6, 'Antônio Carlos Jobim');
INSERT INTO artists (id, name) VALUES (7, 'Apocalyptica');
INSERT INTO artists (id, name) VALUES (8, 'Audioslave');
INSERT INTO artists (id, name) VALUES (9, 'BackBeat');
INSERT INTO artists (id, name) VALUES (10, 'Billy Cobham');
INSERT INTO artists (id, name) VALUES (11, 'Black Label Society');
INSERT INTO artists (id, name) VALUES (12, 'Black Sabbath');
INSERT INTO artists (id, name) VALUES (13, 'Body Count');
INSERT INTO artists (id, name) VALUES (14, 'Bruce Dickinson');
INSERT INTO artists (id, name) VALUES (15, 'Buddy Guy');
INSERT INTO artists (id, name) VALUES (16, 'Caetano Veloso');
INSERT INTO artists (id, name) VALUES (17, 'Chico Buarque');
INSERT INTO artists (id, name) VALUES (18, 'Chico Science & Nação Zumbi');
INSERT INTO artists (id, name) VALUES (19, 'Cidade Negra');
INSERT INTO artists (id, name) VALUES (20, 'Cláudio Zoli');
INSERT INTO artists (id, name) VALUES (21, 'Various Artists');
INSERT INTO artists (id, name) VALUES (22, 'Led Zeppelin');
INSERT INTO artists (id, name) VALUES (23, 'Frank Zappa & Captain Beefheart');
INSERT INTO artists (id, name) VALUES (24, 'Marcos Valle');
INSERT INTO artists (id, name) VALUES (27, 'Gilberto Gil');
INSERT INTO artists (id, name) VALUES (37, 'Ed Motta');
INSERT INTO artists (id, name) VALUES (41, 'Elis Regina');
INSERT INTO artists (id, name) VALUES (50, 'Metallica');
INSERT INTO artists (id, name) VALUES (51, 'Queen');
INSERT INTO artists (id, name) VALUES (52, 'Kiss');
INSERT INTO artists (id, name) VALUES (53, 'Spyro Gyra');
INSERT INTO artists (id, name) VALUES (54, 'Green Day');
INSERT INTO artists (id, name) VALUES (55, 'David Coverdale');
INSERT INTO artists (id, name) VALUES (56, 'Gonzaguinha');
INSERT INTO artists (id, name) VALUES (57, 'Os Mutantes');
INSERT INTO artists (id, name) VALUES (58, 'Deep Purple');
INSERT INTO artists (id, name) VALUES (59, 'Santana');
INSERT INTO artists (id, name) VALUES (68, 'Miles Davis');
INSERT INTO artists (id, name) VALUES (69, 'Gene Krupa');
INSERT INTO artists (id, name) VALUES (76, 'Creedence Clearwater Revival');
INSERT INTO artists (id, name) VALUES (77, 'Cássia Eller');
INSERT INTO artists (id, name) VALUES (78, 'Def Leppard');
INSERT INTO artists (id, name) VALUES (79, 'Dennis Chambers');
INSERT INTO artists (id, name) VALUES (80, 'Djavan');
INSERT INTO artists (id, name) VALUES (81, 'Eric Clapton');
INSERT INTO artists (id, name) VALUES (82, 'Faith No More');
INSERT INTO artists (id, name) VALUES (83, 'Falamansa');
INSERT INTO artists (id, name) VALUES (84, 'Foo Fighters');
INSERT INTO artists (id, name) VALUES (86, 'Funk Como Le Gusta');
INSERT INTO artists (id, name) VALUES (87, 'Godsmack');
INSERT INTO artists (id, name) VALUES (88, 'Guns N'' Roses');
INSERT INTO artists (id, name) VALUES (89, 'Incognito');
INSERT INTO artists (id, name) VALUES (90, 'Iron Maiden');

INSERT INTO albums (id, title, artist_id) VALUES (1, 'For Those About To Rock We Salute You', 1);
INSERT INTO albums (id, title, artist_id) VALUES (2, 'Balls to the Wall', 2);
INSERT INTO albums (id, title, artist_id) VALUES (3, 'Restless and Wild', 2);
INSERT INTO albums (id, title, artist_id) VALUES (4, 'Let There Be Rock', 1);
INSERT INTO albums (id, title, artist_id) VALUES (5, 'Big Ones', 3);
INSERT INTO albums (id, title, artist_id) VALUES (6, 'Jagged Little Pill', 4);
INSERT INTO albums (id, title, artist_id) VALUES (7, 'Facelift', 5);
INSERT INTO albums (id, title, artist_id) VALUES (8, 'Warner 25 Anos', 6);
INSERT INTO albums (id, title, artist_id) VALUES (9, 'Plays Metallica By Four Cellos', 7);
INSERT INTO albums (id, title, artist_id) VALUES (10, 'Audioslave', 8);
INSERT INTO albums (id, title, artist_id) VALUES (11, 'Out Of Exile', 8);
INSERT INTO albums (id, title, artist_id) VALUES (12, 'BackBeat Soundtrack', 9);
INSERT INTO albums (id, title, artist_id) VALUES (13, 'The Best Of Billy Cobham', 10);
INSERT INTO albums (id, title, artist_id) VALUES (14, 'Alcohol Fueled Brewtality Live! [Disc 1]', 11);
INSERT INTO albums (id, title, artist_id) VALUES (15, 'Alcohol Fueled Brewtality Live! [Disc 2]', 11);
INSERT INTO albums (id, title, artist_id) VALUES (16, 'Black Sabbath', 12);
INSERT INTO albums (id, title, artist_id) VALUES (17, 'Black Sabbath Vol. 4 (Remaster)', 12);
INSERT INTO albums (id, title, artist_id) VALUES (18, 'Body Count', 13);
INSERT INTO albums (id, title, artist_id) VALUES (19, 'Chemical Wedding', 14);
INSERT INTO albums (id, title, artist_id) VALUES (20, 'The Best Of Buddy Guy - The Millenium Collection', 15);
INSERT INTO albums (id, title, artist_id) VALUES (21, 'Prenda Minha', 16);
INSERT INTO albums (id, title, artist_id) VALUES (22, 'Sozinho Remix Ao Vivo', 16);
INSERT INTO albums (id, title, artist_id) VALUES (23, 'Minha Historia', 17);
INSERT INTO albums (id, title, artist_id) VALUES (24, 'Afrociberdelia', 18);
INSERT INTO albums (id, title, artist_id) VALUES (25, 'Da Lama Ao Caos', 18);
INSERT INTO albums (id, title, artist_id) VALUES (26, 'Acústico MTV live', 19);
INSERT INTO albums (id, title, artist_id) VALUES (27, 'Cidade Negra - Hits', 19);
INSERT INTO albums (id, title, artist_id) VALUES (28, 'Na Pista', 20);
INSERT INTO albums (id, title, artist_id) VALUES (29, 'Axé Bahia 2001', 21);
INSERT INTO albums (id, title, artist_id) VALUES (30, 'BBC Sessions [Disc 1] live', 22);
INSERT INTO albums (id, title, artist_id) VALUES (31, 'Bongo Fury', 23);
INSERT INTO albums (id, title, artist_id) VALUES (32, 'Carnaval 2001', 21);
INSERT INTO albums (id, title, artist_id) VALUES (33, 'Chill: Brazil (Disc 1)', 24);
INSERT INTO albums (id, title, artist_id) VALUES (34, 'Chill: Brazil (Disc 2)', 6);
INSERT INTO albums (id, title, artist_id) VALUES (35, 'Garage Inc. (Disc 1)', 50);
INSERT INTO albums (id, title, artist_id) VALUES (36, 'Greatest Hits II', 51);
INSERT INTO albums (id, title, artist_id) VALUES (37, 'Greatest Kiss', 52);
INSERT INTO albums (id, title, artist_id) VALUES (38, 'Heart of the Night', 53);
INSERT INTO albums (id, title, artist_id) VALUES (39, 'International Superhits', 54);
INSERT INTO albums (id, title, artist_id) VALUES (40, 'Into The Light', 55);
INSERT INTO albums (id, title, artist_id) VALUES (41, 'Meus Momentos', 56);
INSERT INTO albums (id, title, artist_id) VALUES (42, 'Minha História', 57);
INSERT INTO albums (id, title, artist_id) VALUES (43, 'MK III The Final Concerts [Disc 1]', 58);
INSERT INTO albums (id, title, artist_id) VALUES (44, 'Physical Graffiti [Disc 1]', 22);
INSERT INTO albums (id, title, artist_id) VALUES (45, 'Sambas De Enredo 2001', 21);
INSERT INTO albums (id, title, artist_id) VALUES (46, 'Supernatural', 59);
INSERT INTO albums (id, title, artist_id) VALUES (47, 'The Best of Ed Motta', 37);
INSERT INTO albums (id, title, artist_id) VALUES (48, 'The Essential Miles Davis [Disc 1]', 68);
INSERT INTO albums (id, title, artist_id) VALUES (49, 'The Essential Miles Davis [Disc 2]', 68);
INSERT INTO albums (id, title, artist_id) VALUES (50, 'The Final Concerts (Disc 2)', 58);
INSERT INTO albums (id, title, artist_id) VALUES (51, 'Up An'' Atom', 69);
INSERT INTO albums (id, title, artist_id) VALUES (53, 'Vozes do MPB', 21);
INSERT INTO albums (id, title, artist_id) VALUES (54, 'Chronicle, Vol. 1', 76);
INSERT INTO albums (id, title, artist_id) VALUES (55, 'Chronicle, Vol. 2', 76);
INSERT INTO albums (id, title, artist_id) VALUES (56, 'Cássia Eller - Coleção Sem Limite [Disc 2]', 77);
INSERT INTO albums (id, title, artist_id) VALUES (57, 'Cássia Eller - Sem Limite [Disc 1]', 77);
INSERT INTO albums (id, title, artist_id) VALUES (58, 'Come Taste The Band', 58);
INSERT INTO albums (id, title, artist_id) VALUES (59, 'Deep Purple In Rock', 58);
INSERT INTO albums (id, title, artist_id) VALUES (60, 'Fireball', 58);
INSERT INTO albums (id, title, artist_id) VALUES (61, 'Knocking at Your Back Door: The Best Of Deep Purple in the 80''s', 58);
INSERT INTO albums (id, title, artist_id) VALUES (62, 'Machine Head', 58);
INSERT INTO albums (id, title, artist_id) VALUES (63, 'Purpendicular', 58);
INSERT INTO albums (id, title, artist_id) VALUES (64, 'Slaves And Masters', 58);
INSERT INTO albums (id, title, artist_id) VALUES (65, 'Stormbringer', 58);
INSERT INTO albums (id, title, artist_id) VALUES (66, 'The Battle Rages On', 58);
INSERT INTO albums (id, title, artist_id) VALUES (67, 'Vault: Def Leppard''s Greatest Hits', 78);
INSERT INTO albums (id, title, artist_id) VALUES (68, 'Outbreak', 79);
INSERT INTO albums (id, title, artist_id) VALUES (69, 'Djavan Ao Vivo - Vol. 02', 80);
INSERT INTO albums (id, title, artist_id) VALUES (70, 'Djavan Ao Vivo - Vol. 1', 80);
INSERT INTO albums (id, title, artist_id) VALUES (71, 'Elis Regina-Minha História', 41);
INSERT INTO albums (id, title, artist_id) VALUES (72, 'The Cream Of Clapton', 81);
INSERT INTO albums (id, title, artist_id) VALUES (73, 'Unplugged', 81);
INSERT INTO albums (id, title, artist_id) VALUES (74, 'Album Of The Year', 82);
INSERT INTO albums (id, title, artist_id) VALUES (75, 'Angel Dust', 82);
INSERT INTO albums (id, title, artist_id) VALUES (76, 'King For A Day Fool For A Lifetime', 82);
INSERT INTO albums (id, title, artist_id) VALUES (77, 'The Real Thing', 82);
INSERT INTO albums (id, title, artist_id) VALUES (78, 'Deixa Entrar', 83);
INSERT INTO albums (id, title, artist_id) VALUES (79, 'In Your Honor [Disc 1]', 84);
INSERT INTO albums (id, title, artist_id) VALUES (80, 'In Your Honor [Disc 2]', 84);
INSERT INTO albums (id, title, artist_id) VALUES (81, 'One By One', 84);
INSERT INTO albums (id, title, artist_id) VALUES (82, 'The Colour And The Shape', 84);
INSERT INTO albums (id, title, artist_id) VALUES (84, 'Roda De Funk', 86);
INSERT INTO albums (id, title, artist_id) VALUES (85, 'As Canções de Eu Tu Eles', 27);
INSERT INTO albums (id, title, artist_id) VALUES (86, 'Quanta Gente Veio Ver (Live)', 27);
INSERT INTO albums (id, title, artist_id) VALUES (87, 'Quanta Gente Veio ver--Bônus De Carnaval', 27);
INSERT INTO albums (id, title, artist_id) VALUES (88, 'Faceless', 87);
INSERT INTO albums (id, title, artist_id) VALUES (89, 'American Idiot', 54);
INSERT INTO albums (id, title, artist_id) VALUES (90, 'Appetite for Destruction', 88);
INSERT INTO albums (id, title, artist_id) VALUES (91, 'Use Your Illusion I', 88);
INSERT INTO albums (id, title, artist_id) VALUES (92, 'Use Your Illusion II', 88);
INSERT INTO albums (id, title, artist_id) VALUES (93, 'Blue Moods', 89);
INSERT INTO albums (id, title, artist_id) VALUES (94, 'A Matter of Life and Death', 90);
INSERT INTO albums (id, title, artist_id) VALUES (95, 'A Real Dead One', 90);
INSERT INTO albums (id, title, artist_id) VALUES (96, 'A Real Live One', 90);
INSERT INTO albums (id, title, artist_id) VALUES (97, 'Brave New World', 90);
INSERT INTO albums (id, title, artist_id) VALUES (99, 'Fear Of The Dark', 90);
INSERT INTO albums (id, title, artist_id) VALUES (100, 'Iron Maiden', 90);

INSERT INTO tracks (id, name, album_id, media_type_id, composer, milliseconds, bytes, unit_price) VALUES (1, 'For Those About To Rock (We Salute You)', 1, 1, 'Angus Young, Malcolm Young, Brian Johnson', 343719, 11170334, 0.99);
INSERT INTO tracks (id, name, album_id, media_type_id, composer, milliseconds, bytes, unit_price) VALUES (2, 'Balls to the Wall', 2, 2, NULL, 342562, 5510424, 0.99);
INSERT INTO tracks (id, name, album_id, media_type_id, composer, milliseconds, bytes, unit_price) VALUES (3, 'Fast As a Shark', 3, 2, 'F. Baltes, S. Kaufman, U. Dirkscneider & W. Hoffman', 230619, 3990994, 0.99);
INSERT INTO tracks (id, name, album_id, media_type_id, composer, milliseconds, bytes, unit_price) VALUES (4, 'Restless and Wild', 3, 2, 'F. Baltes, R.A. Smith-Diesel, S. Kaufman, U. Dirkscneider & W. Hoffman', 252051, 4331779, 0.99);
INSERT INTO tracks (id, name, album_id, media_type_id, composer, milliseconds, bytes, unit_price) VALUES (5, 'Princess of the Dawn', 3, 2, 'Deaffy & R.A. Smith-Diesel', 375418, 6290521, 0.99);
INSERT INTO tracks (id, name, album_id, media_type_id, composer, milliseconds, bytes, unit_price) VALUES (6, 'Put The Finger On You', 1, 1, 'Angus Young, Malcolm Young, Brian Johnson', 205662, 6713451, 0.99);
INSERT INTO tracks (id, name, album_id, media_type_id, composer, milliseconds, bytes, unit_price) VALUES (7, 'Let''s Get It Up', 1, 1, 'Angus Young, Malcolm Young, Brian Johnson', 233926, 7636561, 0.99);
INSERT INTO tracks (id, name, album_id, media_type_id, composer, milliseconds, bytes, unit_price) VALUES (8, 'Inject The Venom', 1, 1, 'Angus Young, Malcolm Young, Brian Johnson', 210834, 6852860, 0.99);
INSERT INTO tracks (id, name, album_id, media_type_id, composer, milliseconds, bytes, unit_price) VALUES (9, 'Snowballed', 1, 1, 'Angus Young, Malcolm Young, Brian Johnson', 203102, 6599424, 0.99);
INSERT INTO tracks (id, name, album_id, media_type_id, composer, milliseconds, bytes, unit_price) VALUES (10, 'Evil Walks', 1, 1, 'Angus Young, Malcolm Young, Brian Johnson', 263497, 8611245, 0.99);
INSERT INTO tracks (id, name, album_id, media_type_id, composer, milliseconds, bytes, unit_price) VALUES (11, 'C.O.D.', 1, 1, 'Angus Young, Malcolm Young, Brian Johnson', 199836, 6566314, 0.99);
INSERT INTO tracks (id, name, album_id, media_type_id, composer, milliseconds, bytes, unit_price) VALUES (12, 'Breaking The Rules', 1, 1, 'Angus Young, Malcolm Young, Brian Johnson', 263288, 8596840, 0.99);
INSERT INTO tracks (id, name, album_id, media_type_id, composer, milliseconds, bytes, unit_price) VALUES (13, 'Night Of The Long Knives', 1, 1, 'Angus Young, Malcolm Young, Brian Johnson', 205688, 6706347, 0.99);
INSERT INTO tracks (id, name, album_id, media_type_id, composer, milliseconds, bytes, unit_price) VALUES (14, 'Spellbound', 1, 1, 'Angus Young, Malcolm Young, Brian Johnson', 270863, 8817038, 0.99);
INSERT INTO tracks (id, name, album_id, media_type_id, composer, milliseconds, bytes, unit_price) VALUES (15, 'Go Down', 4, 1, 'AC/DC', 331180, 10847611, 0.99);
INSERT INTO tracks (id, name, album_id, media_type_id, composer, milliseconds, bytes, unit_price) VALUES (16, 'Dog Eat Dog', 4, 1, 'AC/DC', 215196, 7032162, 0.99);
INSERT INTO tracks (id, name, album_id, media_type_id, composer, milliseconds, bytes, unit_price) VALUES (17, 'Let There Be Rock', 4, 1, 'AC/DC', 366654, 12021261, 0.99);
INSERT INTO tracks (id, name, album_id, media_type_id, composer, milliseconds, bytes, unit_price) VALUES (18, 'Bad Boy Boogie', 4, 1, 'AC/DC', 267728, 8776140, 0.99);
INSERT INTO tracks (id, name, album_id, media_type_id, composer, milliseconds, bytes, unit_price) VALUES (19, 'Problem Child', 4, 1, 'AC/DC', 325041, 10617116, 0.99);
INSERT INTO tracks (id, name, album_id, media_type_id, composer, milliseconds, bytes, unit_price) VALUES (20, 'Overdose', 4, 1, 'AC/DC', 369319, 12066294, 0.99);
INSERT INTO tracks (id, name, album_id, media_type_id, composer, milliseconds, bytes, unit_price) VALUES (21, 'Hell Ain''t A Bad Place To Be', 4, 1, 'AC/DC', 254380, 8331286, 0.99);
INSERT INTO tracks (id, name, album_id, media_type_id, composer, milliseconds, bytes, unit_price) VALUES (22, 'Whole Lotta Rosie', 4, 1, 'AC/DC', 323761, 10547154, 0.99);
INSERT INTO tracks (id, name, album_id, media_type_id, composer, milliseconds, bytes, unit_price) VALUES (23, 'Walk On Water', 5, 1, 'Steven Tyler, Joe Perry, Jack Blades, Tommy Shaw', 295680, 9719579, 0.99);
INSERT INTO tracks (id, name, album_id, media_type_id, composer, milliseconds, bytes, unit_price) VALUES (24, 'Love In An Elevator', 5, 1, 'Steven Tyler, Joe Perry', 321828, 10552051, 0.99);
INSERT INTO tracks (id, name, album_id, media_type_id, composer, milliseconds, bytes, unit_price) VALUES (25, 'Rag Doll', 5, 1, 'Steven Tyler, Joe Perry, Jim Vallance, Holly Knight', 264698, 8675345, 0.99);
INSERT INTO tracks (id, name, album_id, media_type_id, composer, milliseconds, bytes, unit_price) VALUES (26, 'What It Takes', 5, 1, 'Steven Tyler, Joe Perry, Desmond Child', 310622, 10144730, 0.99);
INSERT INTO tracks (id, name, album_id, media_type_id, composer, milliseconds, bytes, unit_price) VALUES (27, 'Dude (Looks Like A Lady)', 5, 1, 'Steven Tyler, Joe Perry, Desmond Child', 264855, 8679940, 0.99);
INSERT INTO tracks (id, name, album_id, media_type_id, composer, milliseconds, bytes, unit_price) VALUES (28, 'Janie''s Got A Gun', 5, 1, 'Steven Tyler, Tom Hamilton', 330736, 10869391, 0.99);
INSERT INTO tracks (id, name, album_id, media_type_id, composer, milliseconds, bytes, unit_price) VALUES (29, 'Cryin''', 5, 1, 'Steven Tyler, Joe Perry, Taylor Rhodes', 309263, 10056995, 0.99);
INSERT INTO tracks (id, name, album_id, media_type_id, composer, milliseconds, bytes, unit_price) VALUES (30, 'Amazing', 5, 1, 'Steven Tyler, Richie Supa', 356519, 11616195, 0.99);
INSERT INTO tracks (id, name, album_id, media_type_id, composer, milliseconds, bytes, unit_price) VALUES (31, 'Blind Man', 5, 1, 'Steven Tyler, Joe Perry, Taylor Rhodes', 240718, 7877453, 0.99);
INSERT INTO tracks (id, name, album_id, media_type_id, composer, milliseconds, bytes, unit_price) VALUES (32, 'Deuces Are Wild', 5, 1, 'Steven Tyler, Jim Vallance', 215875, 7074167, 0.99);
INSERT INTO tracks (id, name, album_id, media_type_id, composer, milliseconds, bytes, unit_price) VALUES (33, 'The Other Side', 5, 1, 'Steven Tyler, Jim Vallance', 244375, 7983270, 0.99);
INSERT INTO tracks (id, name, album_id, media_type_id, composer, milliseconds, bytes, unit_price) VALUES (34, 'Crazy', 5, 1, 'Steven Tyler, Joe Perry, Desmond Child', 316656, 10402398, 0.99);
INSERT INTO tracks (id, name, album_id, media_type_id, composer, milliseconds, bytes, unit_price) VALUES (35, 'Eat The Rich', 5, 1, 'Steven Tyler, Joe Perry, Jim Vallance', 251036, 8262039, 0.99);
INSERT INTO tracks (id, name, album_id, media_type_id, composer, milliseconds, bytes, unit_price) VALUES (36, 'Angel', 5, 1, 'Steven Tyler, Desmond Child', 307617, 9989331, 0.99);
INSERT INTO tracks (id, name, album_id, media_type_id, composer, milliseconds, bytes, unit_price) VALUES (37, 'Livin'' On The Edge', 5, 1, 'Steven Tyler, Joe Perry, Mark Hudson', 381231, 12374569, 0.99);
INSERT INTO tracks (id, name, album_id, media_type_id, composer, milliseconds, bytes, unit_price) VALUES (38, 'All I Really Want', 6, 1, 'Alanis Morissette & Glenn Ballard', 284891, 9375567, 0.99);
INSERT INTO tracks (id, name, album_id, media_type_id, composer, milliseconds, bytes, unit_price) VALUES (39, 'You Oughta Know', 6, 1, 'Alanis Morissette & Glenn Ballard', 249234, 8196916, 0.99);
INSERT INTO tracks (id, name, album_id, media_type_id, composer, milliseconds, bytes, unit_price) VALUES (40, 'Perfect', 6, 1, 'Alanis Morissette & Glenn Ballard', 188133, 6145404, 0.99);
INSERT INTO tracks (id, name, album_id, media_type_id, composer, milliseconds, bytes, unit_price) VALUES (41, 'Hand In My Pocket', 6, 1, 'Alanis Morissette & Glenn Ballard', 221570, 7224246, 0.99);
INSERT INTO tracks (id, name, album_id, media_type_id, composer, milliseconds, bytes, unit_price) VALUES (42, 'Right Through You', 6, 1, 'Alanis Morissette & Glenn Ballard', 176117, 5793082, 0.99);
INSERT INTO tracks (id, name, album_id, media_type_id, composer, milliseconds, bytes, unit_price) VALUES (43, 'Forgiven', 6, 1, 'Alanis Morissette & Glenn Ballard', 300355, 9753256, 0.99);
INSERT INTO tracks (id, name, album_id, media_type_id, composer, milliseconds, bytes, unit_price) VALUES (44, 'You Learn', 6, 1, 'Alanis Morissette & Glenn Ballard', 239699, 7824837, 0.99);
INSERT INTO tracks (id, name, album_id, media_type_id, composer, milliseconds, bytes, unit_price) VALUES (45, 'Head Over Feet', 6, 1, 'Alanis Morissette & Glenn Ballard', 267493, 8758008, 0.99);
INSERT INTO tracks (id, name, album_id, media_type_id, composer, milliseconds, bytes, unit_price) VALUES (46, 'Mary Jane', 6, 1, 'Alanis Morissette & Glenn Ballard', 280607, 9163588, 0.99);
INSERT INTO tracks (id, name, album_id, media_type_id, composer, milliseconds, bytes, unit_price) VALUES (47, 'Ironic', 6, 1, 'Alanis Morissette & Glenn Ballard', 229825, 7598866, 0.99);
INSERT INTO tracks (id, name, album_id, media_type_id, composer, milliseconds, bytes, unit_price) VALUES (48, 'Not The Doctor', 6, 1, 'Alanis Morissette & Glenn Ballard', 227631, 7604601, 0.99);
INSERT INTO tracks (id, name, album_id, media_type_id, composer, milliseconds, bytes, unit_price) VALUES (49, 'Wake Up', 6, 1, 'Alanis Morissette & Glenn Ballard', 293485, 9703359, 0.99);
INSERT INTO tracks (id, name, album_id, media_type_id, composer, milliseconds, bytes, unit_price) VALUES (50, 'You Oughta Know (Alternate)', 6, 1, 'Alanis Morissette & Glenn Ballard', 491885, 16008629, 0.99);
INSERT INTO tracks (id, name, album_id, media_type_id, composer, milliseconds, bytes, unit_price) VALUES (51, 'We Die Young', 7, 1, 'Jerry Cantrell', 152084, 4925362, 0.99);
INSERT INTO tracks (id, name, album_id, media_type_id, composer, milliseconds, bytes, unit_price) VALUES (52, 'Man In The Box', 7, 1, 'Jerry Cantrell, Layne Staley', 286641, 9310272, 0.99);
INSERT INTO tracks (id, name, album_id, media_type_id, composer, milliseconds, bytes, unit_price) VALUES (53, 'Sea Of Sorrow', 7, 1, 'Jerry Cantrell', 349831, 11316328, 0.99);
INSERT INTO tracks (id, name, album_id, media_type_id, composer, milliseconds, bytes, unit_price) VALUES (54, 'Bleed The Freak', 7, 1, 'Jerry Cantrell', 241946, 7847716, 0.99);
INSERT INTO tracks (id, name, album_id, media_type_id, composer, milliseconds, bytes, unit_price) VALUES (55, 'I Can''t Remember', 7, 1, 'Jerry Cantrell, Layne Staley', 222955, 7302550, 0.99);
INSERT INTO tracks (id, name, album_id, media_type_id, composer, milliseconds, bytes, unit_price) VALUES (56, 'Love, Hate, Love', 7, 1, 'Jerry Cantrell, Layne Staley', 387134, 12575396, 0.99);
INSERT INTO tracks (id, name, album_id, media_type_id, composer, milliseconds, bytes, unit_price) VALUES (57, 'It Ain''t Like That', 7, 1, 'Jerry Cantrell, Michael Starr, Sean Kinney', 277577, 8993793, 0.99);
INSERT INTO tracks (id, name, album_id, media_type_id, composer, milliseconds, bytes, unit_price) VALUES (58, 'Sunshine', 7, 1, 'Jerry Cantrell', 284969, 9216057, 0.99);
INSERT INTO tracks (id, name, album_id, media_type_id, composer, milliseconds, bytes, unit_price) VALUES (59, 'Put You Down', 7, 1, 'Jerry Cantrell', 196231, 6420530, 0.99);
INSERT INTO tracks (id, name, album_id, media_type_id, composer, milliseconds, bytes, unit_price) VALUES (60, 'Confusion', 7, 1, 'Jerry Cantrell, Michael Starr, Layne Staley', 344163, 11183647, 0.99);
INSERT INTO tracks (id, name, album_id, media_type_id, composer, milliseconds, bytes, unit_price) VALUES (61, 'I Know Somethin (Bout You)', 7, 1, 'Jerry Cantrell', 261955, 8497788, 0.99);
INSERT INTO tracks (id, name, album_id, media_type_id, composer, milliseconds, bytes, unit_price) VALUES (62, 'Real Thing', 7, 1, 'Jerry Cantrell, Layne Staley', 243879, 7937731, 0.99);
INSERT INTO tracks (id, name, album_id, media_type_id, composer, milliseconds, bytes, unit_price) VALUES (63, 'Desafinado', 8, 1, NULL, 185338, 5990473, 0.99);
INSERT INTO tracks (id, name, album_id, media_type_id, composer, milliseconds, bytes, unit_price) VALUES (64, 'Garota De Ipanema', 8, 1, NULL, 285048, 9348428, 0.99);
INSERT INTO tracks (id, name, album_id, media_type_id, composer, milliseconds, bytes, unit_price) VALUES (65, 'Samba De Uma Nota Só (One Note Samba)', 8, 1, NULL, 137273, 4535401, 0.99);
INSERT INTO tracks (id, name, album_id, media_type_id, composer, milliseconds, bytes, unit_price) VALUES (66, 'Por Causa De Você', 8, 1, NULL, 169900, 5536496, 0.99);
INSERT INTO tracks (id, name, album_id, media_type_id, composer, milliseconds, bytes, unit_price) VALUES (67, 'Ligia', 8, 1, NULL, 251977, 8226934, 0.99);
INSERT INTO tracks (id, name, album_id, media_type_id, composer, milliseconds, bytes, unit_price) VALUES (68, 'Fotografia', 8, 1, NULL, 129227, 4198774, 0.99);
INSERT INTO tracks (id, name, album_id, media_type_id, composer, milliseconds, bytes, unit_price) VALUES (69, 'Dindi (Dindi)', 8, 1, NULL, 253178, 8149148, 0.99);
INSERT INTO tracks (id, name, album_id, media_type_id, composer, milliseconds, bytes, unit_price) VALUES (70, 'Se Todos Fossem Iguais A Você (Instrumental)', 8, 1, NULL, 134948, 4393377, 0.99);
INSERT INTO tracks (id, name, album_id, media_type_id, composer, milliseconds, bytes, unit_price) VALUES (71, 'Falando De Amor', 8, 1, NULL, 219663, 7121735, 0.99);
INSERT INTO tracks (id, name, album_id, media_type_id, composer, milliseconds, bytes, unit_price) VALUES (72, 'Angela', 8, 1, NULL, 169508, 5574957, 0.99);
INSERT INTO tracks (id, name, album_id, media_type_id, composer, milliseconds, bytes, unit_price) VALUES (73, 'Corcovado (Quiet Nights Of Quiet Stars)', 8, 1, NULL, 205662, 6687994, 0.99);
INSERT INTO tracks (id, name, album_id, media_type_id, composer, milliseconds, bytes, unit_price) VALUES (74, 'Outra Vez', 8, 1, NULL, 126511, 4110053, 0.99);
INSERT INTO tracks (id, name, album_id, media_type_id, composer, milliseconds, bytes, unit_price) VALUES (75, 'O Boto (Bôto)', 8, 1, NULL, 366837, 12089673, 0.99);
INSERT INTO tracks (id, name, album_id, media_type_id, composer, milliseconds, bytes, unit_price) VALUES (76, 'Canta, Canta Mais', 8, 1, NULL, 271856, 8719426, 0.99);
INSERT INTO tracks (id, name, album_id, media_type_id, composer, milliseconds, bytes, unit_price) VALUES (77, 'Enter Sandman', 9, 1, 'Apocalyptica', 221701, 7286305, 0.99);
INSERT INTO tracks (id, name, album_id, media_type_id, composer, milliseconds, bytes, unit_price) VALUES (78, 'Master Of Puppets', 9, 1, 'Apocalyptica', 436453, 14375310, 0.99);
INSERT INTO tracks (id, name, album_id, media_type_id, composer, milliseconds, bytes, unit_price) VALUES (79, 'Harvester Of Sorrow', 9, 1, 'Apocalyptica', 374543, 12372536, 0.99);
INSERT INTO tracks (id, name, album_id, media_type_id, composer, milliseconds, bytes, unit_price) VALUES (80, 'The Unforgiven', 9, 1, 'Apocalyptica', 322925, 10422447, 0.99);
INSERT INTO tracks (id, name, album_id, media_type_id, composer, milliseconds, bytes, unit_price) VALUES (81, 'Sad But True', 9, 1, 'Apocalyptica', 288208, 9405526, 0.99);
INSERT INTO tracks (id, name, album_id, media_type_id, composer, milliseconds, bytes, unit_price) VALUES (82, 'Creeping Death', 9, 1, 'Apocalyptica', 308035, 10110980, 0.99);
INSERT INTO tracks (id, name, album_id, media_type_id, composer, milliseconds, bytes, unit_price) VALUES (83, 'Wherever I May Roam', 9, 1, 'Apocalyptica', 369345, 12033110, 0.99);
INSERT INTO tracks (id, name, album_id, media_type_id, composer, milliseconds, bytes, unit_price) VALUES (84, 'Welcome Home (Sanitarium)', 9, 1, 'Apocalyptica', 350197, 11406431, 0.99);
INSERT INTO tracks (id, name, album_id, media_type_id, composer, milliseconds, bytes, unit_price) VALUES (85, 'Cochise', 10, 1, 'Audioslave/Chris Cornell', 222380, 5339931, 0.99);
INSERT INTO tracks (id, name, album_id, media_type_id, composer, milliseconds, bytes, unit_price) VALUES (86, 'Show Me How to Live', 10, 1, 'Audioslave/Chris Cornell', 277890, 6672176, 0.99);
INSERT INTO tracks (id, name, album_id, media_type_id, composer, milliseconds, bytes, unit_price) VALUES (87, 'Gasoline', 10, 1, 'Audioslave/Chris Cornell', 279457, 6709793, 0.99);
INSERT INTO tracks (id, name, album_id, media_type_id, composer, milliseconds, bytes, unit_price) VALUES (88, 'What You Are', 10, 1, 'Audioslave/Chris Cornell', 249391, 5988186, 0.99);
INSERT INTO tracks (id, name, album_id, media_type_id, composer, milliseconds, bytes, unit_price) VALUES (89, 'Like a Stone', 10, 1, 'Audioslave/Chris Cornell', 294034, 7059624, 0.99);
INSERT INTO tracks (id, name, album_id, media_type_id, composer, milliseconds, bytes, unit_price) VALUES (90, 'Set It Off', 10, 1, 'Audioslave/Chris Cornell', 263262, 6321091, 0.99);
INSERT INTO tracks (id, name, album_id, media_type_id, composer, milliseconds, bytes, unit_price) VALUES (91, 'Shadow on the Sun', 10, 1, 'Audioslave/Chris Cornell', 343457, 8245793, 0.99);
INSERT INTO tracks (id, name, album_id, media_type_id, composer, milliseconds, bytes, unit_price) VALUES (92, 'I am the Highway', 10, 1, 'Audioslave/Chris Cornell', 334942, 8041411, 0.99);
INSERT INTO tracks (id, name, album_id, media_type_id, composer, milliseconds, bytes, unit_price) VALUES (93, 'Exploder', 10, 1, 'Audioslave/Chris Cornell', 206053, 4948095, 0.99);
INSERT INTO tracks (id, name, album_id, media_type_id, composer, milliseconds, bytes, unit_price) VALUES (94, 'Hypnotize', 10, 1, 'Audioslave/Chris Cornell', 206628, 4961887, 0.99);
INSERT INTO tracks (id, name, album_id, media_type_id, composer, milliseconds, bytes, unit_price) VALUES (95, 'Bring''em Back Alive', 10, 1, 'Audioslave/Chris Cornell', 329534, 7911634, 0.99);
INSERT INTO tracks (id, name, album_id, media_type_id, composer, milliseconds, bytes, unit_price) VALUES (96, 'Light My Way', 10, 1, 'Audioslave/Chris Cornell', 303595, 7289084, 0.99);
INSERT INTO tracks (id, name, album_id, media_type_id, composer, milliseconds, bytes, unit_price) VALUES (97, 'Getaway Car', 10, 1, 'Audioslave/Chris Cornell', 299598, 7193162, 0.99);
INSERT INTO tracks (id, name, album_id, media_type_id, composer, milliseconds, bytes, unit_price) VALUES (98, 'The Last Remaining Light', 10, 1, 'Audioslave/Chris Cornell', 317492, 7622615, 0.99);
INSERT INTO tracks (id, name, album_id, media_type_id, composer, milliseconds, bytes, unit_price) VALUES (99, 'Your Time Has Come', 11, 1, 'Cornell, Commerford, Morello, Wilk', 255529, 8273592, 0.99);
INSERT INTO tracks (id, name, album_id, media_type_id, composer, milliseconds, bytes, unit_price) VALUES (100, 'Out Of Exile', 11, 1, 'Cornell, Commerford, Morello, Wilk', 291291, 9506571, 0.99);
INSERT INTO tracks (id, name, album_id, media_type_id, composer, milliseconds, bytes, unit_price) VALUES (101, 'Be Yourself', 11, 1, 'Cornell, Commerford, Morello, Wilk', 279484, 9106160, 0.99);
INSERT INTO tracks (id, name, album_id, media_type_id, composer, milliseconds, bytes, unit_price) VALUES (102, 'Doesn''t Remind Me', 11, 1, 'Cornell, Commerford, Morello, Wilk', 255869, 8357387, 0.99);
INSERT INTO tracks (id, name, album_id, media_type_id, composer, milliseconds, bytes, unit_price) VALUES (103, 'Drown Me Slowly', 11, 1, 'Cornell, Commerford, Morello, Wilk', 233691, 7609178, 0.99);
INSERT INTO tracks (id, name, album_id, media_type_id, composer, milliseconds, bytes, unit_price) VALUES (104, 'Heaven''s Dead', 11, 1, 'Cornell, Commerford, Morello, Wilk', 276688, 9006158, 0.99);
INSERT INTO tracks (id, name, album_id, media_type_id, composer, milliseconds, bytes, unit_price) VALUES (105, 'The Worm', 11, 1, 'Cornell, Commerford, Morello, Wilk', 237714, 7710800, 0.99);
INSERT INTO tracks (id, name, album_id, media_type_id, composer, milliseconds, bytes, unit_price) VALUES (106, 'Man Or Animal', 11, 1, 'Cornell, Commerford, Morello, Wilk', 233195, 7542942, 0.99);
INSERT INTO tracks (id, name, album_id, media_type_id, composer, milliseconds, bytes, unit_price) VALUES (107, 'Yesterday To Tomorrow', 11, 1, 'Cornell, Commerford, Morello, Wilk', 273763, 8944205, 0.99);
INSERT INTO tracks (id, name, album_id, media_type_id, composer, milliseconds, bytes, unit_price) VALUES (108, 'Dandelion', 11, 1, 'Cornell, Commerford, Morello, Wilk', 278125, 9003592, 0.99);
INSERT INTO tracks (id, name, album_id, media_type_id, composer, milliseconds, bytes, unit_price) VALUES (109, '#1 Zero', 11, 1, 'Cornell, Commerford, Morello, Wilk', 299102, 9731988, 0.99);
INSERT INTO tracks (id, name, album_id, media_type_id, composer, milliseconds, bytes, unit_price) VALUES (110, 'The Curse', 11, 1, 'Cornell, Commerford, Morello, Wilk', 309786, 10029406, 0.99);
INSERT INTO tracks (id, name, album_id, media_type_id, composer, milliseconds, bytes, unit_price) VALUES (111, 'Money', 12, 1, 'Berry Gordy, Jr./Janie Bradford', 147591, 2365897, 0.99);
INSERT INTO tracks (id, name, album_id, media_type_id, composer, milliseconds, bytes, unit_price) VALUES (112, 'Long Tall Sally', 12, 1, 'Enotris Johnson/Little Richard/Robert "Bumps" Blackwell', 106396, 1707084, 0.99);
INSERT INTO tracks (id, name, album_id, media_type_id, composer, milliseconds, bytes, unit_price) VALUES (113, 'Bad Boy', 12, 1, 'Larry Williams', 116088, 1862126, 0.99);
INSERT INTO tracks (id, name, album_id, media_type_id, composer, milliseconds, bytes, unit_price) VALUES (114, 'Twist And Shout', 12, 1, 'Bert Russell/Phil Medley', 161123, 2582553, 0.99);
INSERT INTO tracks (id, name, album_id, media_type_id, composer, milliseconds, bytes, unit_price) VALUES (115, 'Please Mr. Postman', 12, 1, 'Brian Holland/Freddie Gorman/Georgia Dobbins/Robert Bateman/William Garrett', 137639, 2206986, 0.99);
INSERT INTO tracks (id, name, album_id, media_type_id, composer, milliseconds, bytes, unit_price) VALUES (116, 'C''Mon Everybody', 12, 1, 'Eddie Cochran/Jerry Capehart', 140199, 2247846, 0.99);
INSERT INTO tracks (id, name, album_id, media_type_id, composer, milliseconds, bytes, unit_price) VALUES (117, 'Rock ''N'' Roll Music', 12, 1, 'Chuck Berry', 141923, 2276788, 0.99);
INSERT INTO tracks (id, name, album_id, media_type_id, composer, milliseconds, bytes, unit_price) VALUES (118, 'Slow Down', 12, 1, 'Larry Williams', 163265, 2616981, 0.99);
INSERT INTO tracks (id, name, album_id, media_type_id, composer, milliseconds, bytes, unit_price) VALUES (119, 'Roadrunner', 12, 1, 'Bo Diddley', 143595, 2301989, 0.99);
INSERT INTO tracks (id, name, album_id, media_type_id, composer, milliseconds, bytes, unit_price) VALUES (120, 'Carol', 12, 1, 'Chuck Berry', 143830, 2306019, 0.99);
INSERT INTO tracks (id, name, album_id, media_type_id, composer, milliseconds, bytes, unit_price) VALUES (121, 'Good Golly Miss Molly', 12, 1, 'Little Richard', 106266, 1704918, 0.99);
INSERT INTO tracks (id, name, album_id, media_type_id, composer, milliseconds, bytes, unit_price) VALUES (122, '20 Flight Rock', 12, 1, 'Ned Fairchild', 107807, 1299960, 0.99);
INSERT INTO tracks (id, name, album_id, media_type_id, composer, milliseconds, bytes, unit_price) VALUES (123, 'Quadrant', 13, 1, 'Billy Cobham', 261851, 8538199, 0.99);
INSERT INTO tracks (id, name, album_id, media_type_id, composer, milliseconds, bytes, unit_price) VALUES (124, 'Snoopy''s search-Red baron', 13, 1, 'Billy Cobham', 456071, 15075616, 0.99);
INSERT INTO tracks (id, name, album_id, media_type_id, composer, milliseconds, bytes, unit_price) VALUES (125, 'Spanish moss-"A sound portrait"-Spanish moss', 13, 1, 'Billy Cobham', 248084, 8217867, 0.99);
INSERT INTO tracks (id, name, album_id, media_type_id, composer, milliseconds, bytes, unit_price) VALUES (126, 'Moon germs', 13, 1, 'Billy Cobham', 294060, 9714812, 0.99);
INSERT INTO tracks (id, name, album_id, media_type_id, composer, milliseconds, bytes, unit_price) VALUES (127, 'Stratus', 13, 1, 'Billy Cobham', 582086, 19115680, 0.99);
INSERT INTO tracks (id, name, album_id, media_type_id, composer, milliseconds, bytes, unit_price) VALUES (128, 'The pleasant pheasant', 13, 1, 'Billy Cobham', 318066, 10630578, 0.99);
INSERT INTO tracks (id, name, album_id, media_type_id, composer, milliseconds, bytes, unit_price) VALUES (129, 'Solo-Panhandler', 13, 1, 'Billy Cobham', 246151, 8230661, 0.99);
INSERT INTO tracks (id, name, album_id, media_type_id, composer, milliseconds, bytes, unit_price) VALUES (130, 'Do what cha wanna', 13, 1, 'George Duke', 274155, 9018565, 0.99);
INSERT INTO tracks (id, name, album_id, media_type_id, composer, milliseconds, bytes, unit_price) VALUES (131, 'Intro/ Low Down', 14, 1, NULL, 323683, 10642901, 0.99);
INSERT INTO tracks (id, name, album_id, media_type_id, composer, milliseconds, bytes, unit_price) VALUES (132, '13 Years Of Grief', 14, 1, NULL, 246987, 8137421, 0.99);
INSERT INTO tracks (id, name, album_id, media_type_id, composer, milliseconds, bytes, unit_price) VALUES (133, 'Stronger Than Death', 14, 1, NULL, 300747, 9869647, 0.99);
INSERT INTO tracks (id, name, album_id, media_type_id, composer, milliseconds, bytes, unit_price) VALUES (134, 'All For You', 14, 1, NULL, 235833, 7726948, 0.99);
INSERT INTO tracks (id, name, album_id, media_type_id, composer, milliseconds, bytes, unit_price) VALUES (135, 'Super Terrorizer', 14, 1, NULL, 319373, 10513905, 0.99);
INSERT INTO tracks (id, name, album_id, media_type_id, composer, milliseconds, bytes, unit_price) VALUES (136, 'Phoney Smile Fake Hellos', 14, 1, NULL, 273606, 9011701, 0.99);
INSERT INTO tracks (id, name, album_id, media_type_id, composer, milliseconds, bytes, unit_price) VALUES (137, 'Lost My Better Half', 14, 1, NULL, 284081, 9355309, 0.99);
INSERT INTO tracks (id, name, album_id, media_type_id, composer, milliseconds, bytes, unit_price) VALUES (138, 'Bored To Tears', 14, 1, NULL, 247327, 8130090, 0.99);
INSERT INTO tracks (id, name, album_id, media_type_id, composer, milliseconds, bytes, unit_price) VALUES (139, 'A.N.D.R.O.T.A.Z.', 14, 1, NULL, 266266, 8574746, 0.99);
INSERT INTO tracks (id, name, album_id, media_type_id, composer, milliseconds, bytes, unit_price) VALUES (140, 'Born To Booze', 14, 1, NULL, 282122, 9257358, 0.99);
INSERT INTO tracks (id, name, album_id, media_type_id, composer, milliseconds, bytes, unit_price) VALUES (141, 'World Of Trouble', 14, 1, NULL, 359157, 11820932, 0.99);
INSERT INTO tracks (id, name, album_id, media_type_id, composer, milliseconds, bytes, unit_price) VALUES (142, 'No More Tears', 14, 1, NULL, 555075, 18041629, 0.99);
INSERT INTO tracks (id, name, album_id, media_type_id, composer, milliseconds, bytes, unit_price) VALUES (143, 'The Begining... At Last', 14, 1, NULL, 365662, 11965109, 0.99);
INSERT INTO tracks (id, name, album_id, media_type_id, composer, milliseconds, bytes, unit_price) VALUES (144, 'Heart Of Gold', 15, 1, NULL, 194873, 6417460, 0.99);
INSERT INTO tracks (id, name, album_id, media_type_id, composer, milliseconds, bytes, unit_price) VALUES (145, 'Snowblind', 15, 1, NULL, 420022, 13842549, 0.99);
INSERT INTO tracks (id, name, album_id, media_type_id, composer, milliseconds, bytes, unit_price) VALUES (146, 'Like A Bird', 15, 1, NULL, 276532, 9115657, 0.99);
INSERT INTO tracks (id, name, album_id, media_type_id, composer, milliseconds, bytes, unit_price) VALUES (147, 'Blood In The Wall', 15, 1, NULL, 284368, 9359475, 0.99);
INSERT INTO tracks (id, name, album_id, media_type_id, composer, milliseconds, bytes, unit_price) VALUES (148, 'The Beginning...At Last', 15, 1, NULL, 271960, 8975814, 0.99);
INSERT INTO tracks (id, name, album_id, media_type_id, composer, milliseconds, bytes, unit_price) VALUES (149, 'Black Sabbath', 16, 1, NULL, 382066, 12440200, 0.99);
INSERT INTO tracks (id, name, album_id, media_type_id, composer, milliseconds, bytes, unit_price) VALUES (150, 'The Wizard', 16, 1, NULL, 264829, 8646737, 0.99);
INSERT INTO tracks (id, name, album_id, media_type_id, composer, milliseconds, bytes, unit_price) VALUES (151, 'Behind The Wall Of Sleep', 16, 1, NULL, 217573, 7169049, 0.99);
INSERT INTO tracks (id, name, album_id, media_type_id, composer, milliseconds, bytes, unit_price) VALUES (152, 'N.I.B.', 16, 1, NULL, 368770, 12029390, 0.99);
INSERT INTO tracks (id, name, album_id, media_type_id, composer, milliseconds, bytes, unit_price) VALUES (153, 'Evil Woman', 16, 1, NULL, 204930, 6655170, 0.99);
INSERT INTO tracks (id, name, album_id, media_type_id, composer, milliseconds, bytes, unit_price) VALUES (154, 'Sleeping Village', 16, 1, NULL, 644571, 21128525, 0.99);
INSERT INTO tracks (id, name, album_id, media_type_id, composer, milliseconds, bytes, unit_price) VALUES (155, 'Warning', 16, 1, NULL, 212062, 6893363, 0.99);
INSERT INTO tracks (id, name, album_id, media_type_id, composer, milliseconds, bytes, unit_price) VALUES (156, 'Wheels Of Confusion / The Straightener', 17, 1, 'Tony Iommi, Bill Ward, Geezer Butler, Ozzy Osbourne', 494524, 16065830, 0.99);
INSERT INTO tracks (id, name, album_id, media_type_id, composer, milliseconds, bytes, unit_price) VALUES (157, 'Tomorrow''s Dream', 17, 1, 'Tony Iommi, Bill Ward, Geezer Butler, Ozzy Osbourne', 192496, 6252071, 0.99);
INSERT INTO tracks (id, name, album_id, media_type_id, composer, milliseconds, bytes, unit_price) VALUES (158, 'Changes', 17, 1, 'Tony Iommi, Bill Ward, Geezer Butler, Ozzy Osbourne', 286275, 9175517, 0.99);
INSERT INTO tracks (id, name, album_id, media_type_id, composer, milliseconds, bytes, unit_price) VALUES (159, 'FX', 17, 1, 'Tony Iommi, Bill Ward, Geezer Butler, Ozzy Osbourne', 103157, 3331776, 0.99);
INSERT INTO tracks (id, name, album_id, media_type_id, composer, milliseconds, bytes, unit_price) VALUES (160, 'Supernaut', 17, 1, 'Tony Iommi, Bill Ward, Geezer Butler, Ozzy Osbourne', 285779, 9245971, 0.99);
INSERT INTO tracks (id, name, album_id, media_type_id, composer, milliseconds, bytes, unit_price) VALUES (161, 'Snowblind', 17, 1, 'Tony Iommi, Bill Ward, Geezer Butler, Ozzy Osbourne', 331676, 10813386, 0.99);
INSERT INTO tracks (id, name, album_id, media_type_id, composer, milliseconds, bytes, unit_price) VALUES (162, 'Cornucopia', 17, 1, 'Tony Iommi, Bill Ward, Geezer Butler, Ozzy Osbourne', 234814, 7653880, 0.99);
INSERT INTO tracks (id, name, album_id, media_type_id, composer, milliseconds, bytes, unit_price) VALUES (163, 'Laguna Sunrise', 17, 1, 'Tony Iommi, Bill Ward, Geezer Butler, Ozzy Osbourne', 173087, 5671374, 0.99);
INSERT INTO tracks (id, name, album_id, media_type_id, composer, milliseconds, bytes, unit_price) VALUES (164, 'St. Vitus Dance', 17, 1, 'Tony Iommi, Bill Ward, Geezer Butler, Ozzy Osbourne', 149655, 4884969, 0.99);
INSERT INTO tracks (id, name, album_id, media_type_id, composer, milliseconds, bytes, unit_price) VALUES (165, 'Under The Sun/Every Day Comes and Goes', 17, 1, 'Tony Iommi, Bill Ward, Geezer Butler, Ozzy Osbourne', 350458, 11360486, 0.99);
INSERT INTO tracks (id, name, album_id, media_type_id, composer, milliseconds, bytes, unit_price) VALUES (166, 'Smoked Pork', 18, 1, NULL, 47333, 1549074, 0.99);
INSERT INTO tracks (id, name, album_id, media_type_id, composer, milliseconds, bytes, unit_price) VALUES (167, 'Body Count''s In The House', 18, 1, NULL, 204251, 6715413, 0.99);
INSERT INTO tracks (id, name, album_id, media_type_id, composer, milliseconds, bytes, unit_price) VALUES (168, 'Now Sports', 18, 1, NULL, 4884, 161266, 0.99);
INSERT INTO tracks (id, name, album_id, media_type_id, composer, milliseconds, bytes, unit_price) VALUES (169, 'Body Count', 18, 1, NULL, 317936, 10489139, 0.99);
INSERT INTO tracks (id, name, album_id, media_type_id, composer, milliseconds, bytes, unit_price) VALUES (170, 'A Statistic', 18, 1, NULL, 6373, 211997, 0.99);
INSERT INTO tracks (id, name, album_id, media_type_id, composer, milliseconds, bytes, unit_price) VALUES (171, 'Bowels Of The Devil', 18, 1, NULL, 223216, 7324125, 0.99);
INSERT INTO tracks (id, name, album_id, media_type_id, composer, milliseconds, bytes, unit_price) VALUES (172, 'The Real Problem', 18, 1, NULL, 11650, 387360, 0.99);
INSERT INTO tracks (id, name, album_id, media_type_id, composer, milliseconds, bytes, unit_price) VALUES (173, 'KKK Bitch', 18, 1, NULL, 173008, 5709631, 0.99);
INSERT INTO tracks (id, name, album_id, media_type_id, composer, milliseconds, bytes, unit_price) VALUES (174, 'D Note', 18, 1, NULL, 95738, 3067064, 0.99);
INSERT INTO tracks (id, name, album_id, media_type_id, composer, milliseconds, bytes, unit_price) VALUES (175, 'Voodoo', 18, 1, NULL, 300721, 9875962, 0.99);
INSERT INTO tracks (id, name, album_id, media_type_id, composer, milliseconds, bytes, unit_price) VALUES (176, 'The Winner Loses', 18, 1, NULL, 392254, 12843821, 0.99);
INSERT INTO tracks (id, name, album_id, media_type_id, composer, milliseconds, bytes, unit_price) VALUES (177, 'There Goes The Neighborhood', 18, 1, NULL, 350171, 11443471, 0.99);
INSERT INTO tracks (id, name, album_id, media_type_id, composer, milliseconds, bytes, unit_price) VALUES (178, 'Oprah', 18, 1, NULL, 6635, 224313, 0.99);
INSERT INTO tracks (id, name, album_id, media_type_id, composer, milliseconds, bytes, unit_price) VALUES (179, 'Evil Dick', 18, 1, NULL, 239020, 7828873, 0.99);
INSERT INTO tracks (id, name, album_id, media_type_id, composer, milliseconds, bytes, unit_price) VALUES (180, 'Body Count Anthem', 18, 1, NULL, 166426, 5463690, 0.99);
INSERT INTO tracks (id, name, album_id, media_type_id, composer, milliseconds, bytes, unit_price) VALUES (181, 'Momma''s Gotta Die Tonight', 18, 1, NULL, 371539, 12122946, 0.99);
INSERT INTO tracks (id, name, album_id, media_type_id, composer, milliseconds, bytes, unit_price) VALUES (182, 'Freedom Of Speech', 18, 1, NULL, 281234, 9337917, 0.99);
INSERT INTO tracks (id, name, album_id, media_type_id, composer, milliseconds, bytes, unit_price) VALUES (183, 'King In Crimson', 19, 1, 'Roy Z', 283167, 9218499, 0.99);
INSERT INTO tracks (id, name, album_id, media_type_id, composer, milliseconds, bytes, unit_price) VALUES (184, 'Chemical Wedding', 19, 1, 'Roy Z', 246177, 8022764, 0.99);
INSERT INTO tracks (id, name, album_id, media_type_id, composer, milliseconds, bytes, unit_price) VALUES (185, 'The Tower', 19, 1, 'Roy Z', 285257, 9435693, 0.99);
INSERT INTO tracks (id, name, album_id, media_type_id, composer, milliseconds, bytes, unit_price) VALUES (186, 'Killing Floor', 19, 1, 'Adrian Smith', 269557, 8854240, 0.99);
INSERT INTO tracks (id, name, album_id, media_type_id, composer, milliseconds, bytes, unit_price) VALUES (187, 'Book Of Thel', 19, 1, 'Eddie Casillas/Roy Z', 494393, 16034404, 0.99);
INSERT INTO tracks (id, name, album_id, media_type_id, composer, milliseconds, bytes, unit_price) VALUES (188, 'Gates Of Urizen', 19, 1, 'Roy Z', 265351, 8627004, 0.99);
INSERT INTO tracks (id, name, album_id, media_type_id, composer, milliseconds, bytes, unit_price) VALUES (189, 'Jerusalem', 19, 1, 'Roy Z', 402390, 13194463, 0.99);
INSERT INTO tracks (id, name, album_id, media_type_id, composer, milliseconds, bytes, unit_price) VALUES (190, 'Trupets Of Jericho', 19, 1, 'Roy Z', 359131, 11820908, 0.99);
INSERT INTO tracks (id, name, album_id, media_type_id, composer, milliseconds, bytes, unit_price) VALUES (191, 'Machine Men', 19, 1, 'Adrian Smith', 341655, 11138147, 0.99);
INSERT INTO tracks (id, name, album_id, media_type_id, composer, milliseconds, bytes, unit_price) VALUES (192, 'The Alchemist', 19, 1, 'Roy Z', 509413, 16545657, 0.99);
INSERT INTO tracks (id, name, album_id, media_type_id, composer, milliseconds, bytes, unit_price) VALUES (193, 'Realword', 19, 1, 'Roy Z', 237531, 7802095, 0.99);
INSERT INTO tracks (id, name, album_id, media_type_id, composer, milliseconds, bytes, unit_price) VALUES (194, 'First Time I Met The Blues', 20, 1, 'Eurreal Montgomery', 140434, 4604995, 0.99);
INSERT INTO tracks (id, name, album_id, media_type_id, composer, milliseconds, bytes, unit_price) VALUES (195, 'Let Me Love You Baby', 20, 1, 'Willie Dixon', 175386, 5716994, 0.99);
INSERT INTO tracks (id, name, album_id, media_type_id, composer, milliseconds, bytes, unit_price) VALUES (196, 'Stone Crazy', 20, 1, 'Buddy Guy', 433397, 14184984, 0.99);
INSERT INTO tracks (id, name, album_id, media_type_id, composer, milliseconds, bytes, unit_price) VALUES (197, 'Pretty Baby', 20, 1, 'Willie Dixon', 237662, 7848282, 0.99);
INSERT INTO tracks (id, name, album_id, media_type_id, composer, milliseconds, bytes, unit_price) VALUES (198, 'When My Left Eye Jumps', 20, 1, 'Al Perkins/Willie Dixon', 235311, 7685363, 0.99);
INSERT INTO tracks (id, name, album_id, media_type_id, composer, milliseconds, bytes, unit_price) VALUES (199, 'Leave My Girl Alone', 20, 1, 'Buddy Guy', 204721, 6859518, 0.99);
INSERT INTO tracks (id, name, album_id, media_type_id, composer, milliseconds, bytes, unit_price) VALUES (200, 'She Suits Me To A Tee', 20, 1, 'Buddy Guy', 136803, 4456321, 0.99);
INSERT INTO tracks (id, name, album_id, media_type_id, composer, milliseconds, bytes, unit_price) VALUES (201, 'Keep It To Myself (Aka Keep It To Yourself)', 20, 1, 'Sonny Boy Williamson I', 166060, 5487056, 0.99);
INSERT INTO tracks (id, name, album_id, media_type_id, composer, milliseconds, bytes, unit_price) VALUES (202, 'My Time After Awhile', 20, 1, 'Robert Geddins/Ron Badger/Sheldon Feinberg', 182491, 6022698, 0.99);
INSERT INTO tracks (id, name, album_id, media_type_id, composer, milliseconds, bytes, unit_price) VALUES (203, 'Too Many Ways (Alternate)', 20, 1, 'Willie Dixon', 135053, 4459946, 0.99);
INSERT INTO tracks (id, name, album_id, media_type_id, composer, milliseconds, bytes, unit_price) VALUES (204, 'Talkin'' ''Bout Women Obviously', 20, 1, 'Amos Blakemore/Buddy Guy', 589531, 19161377, 0.99);
INSERT INTO tracks (id, name, album_id, media_type_id, composer, milliseconds, bytes, unit_price) VALUES (205, 'Jorge Da Capadócia', 21, 1, 'Jorge Ben', 177397, 5842196, 0.99);
INSERT INTO tracks (id, name, album_id, media_type_id, composer, milliseconds, bytes, unit_price) VALUES (206, 'Prenda Minha', 21, 1, 'Tradicional', 99369, 3225364, 0.99);
INSERT INTO tracks (id, name, album_id, media_type_id, composer, milliseconds, bytes, unit_price) VALUES (207, 'Meditação', 21, 1, 'Tom Jobim - Newton Mendoça', 148793, 4865597, 0.99);
INSERT INTO tracks (id, name, album_id, media_type_id, composer, milliseconds, bytes, unit_price) VALUES (208, 'Terra', 21, 1, 'Caetano Veloso', 482429, 15889054, 0.99);
INSERT INTO tracks (id, name, album_id, media_type_id, composer, milliseconds, bytes, unit_price) VALUES (209, 'Eclipse Oculto', 21, 1, 'Caetano Veloso', 221936, 7382703, 0.99);
INSERT INTO tracks (id, name, album_id, media_type_id, composer, milliseconds, bytes, unit_price) VALUES (210, 'Texto "Verdade Tropical"', 21, 1, 'Caetano Veloso', 84088, 2752161, 0.99);
INSERT INTO tracks (id, name, album_id, media_type_id, composer, milliseconds, bytes, unit_price) VALUES (211, 'Bem Devagar', 21, 1, 'Gilberto Gil', 133172, 4333651, 0.99);
INSERT INTO tracks (id, name, album_id, media_type_id, composer, milliseconds, bytes, unit_price) VALUES (212, 'Drão', 21, 1, 'Gilberto Gil', 156264, 5065932, 0.99);
INSERT INTO tracks (id, name, album_id, media_type_id, composer, milliseconds, bytes, unit_price) VALUES (213, 'Saudosismo', 21, 1, 'Caetano Veloso', 144326, 4726981, 0.99);
INSERT INTO tracks (id, name, album_id, media_type_id, composer, milliseconds, bytes, unit_price) VALUES (214, 'Carolina', 21, 1, 'Chico Buarque', 181812, 5924159, 0.99);
INSERT INTO tracks (id, name, album_id, media_type_id, composer, milliseconds, bytes, unit_price) VALUES (215, 'Sozinho', 21, 1, 'Peninha', 190589, 6253200, 0.99);
INSERT INTO tracks (id, name, album_id, media_type_id, composer, milliseconds, bytes, unit_price) VALUES (216, 'Esse Cara', 21, 1, 'Caetano Veloso', 223111, 7217126, 0.99);
INSERT INTO tracks (id, name, album_id, media_type_id, composer, milliseconds, bytes, unit_price) VALUES (217, 'Mel', 21, 1, 'Caetano Veloso - Waly Salomão', 294765, 9854062, 0.99);
INSERT INTO tracks (id, name, album_id, media_type_id, composer, milliseconds, bytes, unit_price) VALUES (218, 'Linha Do Equador', 21, 1, 'Caetano Veloso - Djavan', 299337, 10003747, 0.99);
INSERT INTO tracks (id, name, album_id, media_type_id, composer, milliseconds, bytes, unit_price) VALUES (219, 'Odara', 21, 1, 'Caetano Veloso', 141270, 4704104, 0.99);
INSERT INTO tracks (id, name, album_id, media_type_id, composer, milliseconds, bytes, unit_price) VALUES (220, 'A Luz De Tieta', 21, 1, 'Caetano Veloso', 251742, 8507446, 0.99);
INSERT INTO tracks (id, name, album_id, media_type_id, composer, milliseconds, bytes, unit_price) VALUES (221, 'Atrás Da Verd-E-Rosa Só Não Vai Quem Já Morreu', 21, 1, 'David Corrêa - Paulinho Carvalho - Carlos Sena - Bira do Ponto', 307252, 10364247, 0.99);
INSERT INTO tracks (id, name, album_id, media_type_id, composer, milliseconds, bytes, unit_price) VALUES (222, 'Vida Boa', 21, 1, 'Fausto Nilo - Armandinho', 281730, 9411272, 0.99);
INSERT INTO tracks (id, name, album_id, media_type_id, composer, milliseconds, bytes, unit_price) VALUES (223, 'Sozinho (Hitmakers Classic Mix)', 22, 1, NULL, 436636, 14462072, 0.99);
INSERT INTO tracks (id, name, album_id, media_type_id, composer, milliseconds, bytes, unit_price) VALUES (224, 'Sozinho (Hitmakers Classic Radio Edit)', 22, 1, NULL, 195004, 6455134, 0.99);
INSERT INTO tracks (id, name, album_id, media_type_id, composer, milliseconds, bytes, unit_price) VALUES (225, 'Sozinho (Caêdrum ''n'' Bass)', 22, 1, NULL, 328071, 10975007, 0.99);
INSERT INTO tracks (id, name, album_id, media_type_id, composer, milliseconds, bytes, unit_price) VALUES (226, 'Carolina', 23, 1, NULL, 163056, 5375395, 0.99);
INSERT INTO tracks (id, name, album_id, media_type_id, composer, milliseconds, bytes, unit_price) VALUES (227, 'Essa Moça Ta Diferente', 23, 1, NULL, 167235, 5568574, 0.99);
INSERT INTO tracks (id, name, album_id, media_type_id, composer, milliseconds, bytes, unit_price) VALUES (228, 'Vai Passar', 23, 1, NULL, 369763, 12359161, 0.99);
INSERT INTO tracks (id, name, album_id, media_type_id, composer, milliseconds, bytes, unit_price) VALUES (229, 'Samba De Orly', 23, 1, NULL, 162429, 5431854, 0.99);
INSERT INTO tracks (id, name, album_id, media_type_id, composer, milliseconds, bytes, unit_price) VALUES (230, 'Bye, Bye Brasil', 23, 1, NULL, 283402, 9499590, 0.99);
INSERT INTO tracks (id, name, album_id, media_type_id, composer, milliseconds, bytes, unit_price) VALUES (231, 'Atras Da Porta', 23, 1, NULL, 189675, 6132843, 0.99);
INSERT INTO tracks (id, name, album_id, media_type_id, composer, milliseconds, bytes, unit_price) VALUES (232, 'Tatuagem', 23, 1, NULL, 172120, 5645703, 0.99);
INSERT INTO tracks (id, name, album_id, media_type_id, composer, milliseconds, bytes, unit_price) VALUES (233, 'O Que Será (À Flor Da Terra)', 23, 1, NULL, 167288, 5574848, 0.99);
INSERT INTO tracks (id, name, album_id, media_type_id, composer, milliseconds, bytes, unit_price) VALUES (234, 'Morena De Angola', 23, 1, NULL, 186801, 6373932, 0.99);
INSERT INTO tracks (id, name, album_id, media_type_id, composer, milliseconds, bytes, unit_price) VALUES (235, 'Apesar De Você', 23, 1, NULL, 234501, 7886937, 0.99);
INSERT INTO tracks (id, name, album_id, media_type_id, composer, milliseconds, bytes, unit_price) VALUES (236, 'A Banda', 23, 1, NULL, 132493, 4349539, 0.99);
INSERT INTO tracks (id, name, album_id, media_type_id, composer, milliseconds, bytes, unit_price) VALUES (237, 'Minha Historia', 23, 1, NULL, 182256, 6029673, 0.99);
INSERT INTO tracks (id, name, album_id, media_type_id, composer, milliseconds, bytes, unit_price) VALUES (238, 'Com Açúcar E Com Afeto', 23, 1, NULL, 175386, 5846442, 0.99);
INSERT INTO tracks (id, name, album_id, media_type_id, composer, milliseconds, bytes, unit_price) VALUES (239, 'Brejo Da Cruz', 23, 1, NULL, 214099, 7270749, 0.99);
INSERT INTO tracks (id, name, album_id, media_type_id, composer, milliseconds, bytes, unit_price) VALUES (240, 'Meu Caro Amigo', 23, 1, NULL, 260257, 8778172, 0.99);
INSERT INTO tracks (id, name, album_id, media_type_id, composer, milliseconds, bytes, unit_price) VALUES (241, 'Geni E O Zepelim', 23, 1, NULL, 317570, 10342226, 0.99);
INSERT INTO tracks (id, name, album_id, media_type_id, composer, milliseconds, bytes, unit_price) VALUES (242, 'Trocando Em Miúdos', 23, 1, NULL, 169717, 5461468, 0.99);
INSERT INTO tracks (id, name, album_id, media_type_id, composer, milliseconds, bytes, unit_price) VALUES (243, 'Vai Trabalhar Vagabundo', 23, 1, NULL, 139154, 4693941, 0.99);
INSERT INTO tracks (id, name, album_id, media_type_id, composer, milliseconds, bytes, unit_price) VALUES (244, 'Gota D''água', 23, 1, NULL, 153208, 5074189, 0.99);
INSERT INTO tracks (id, name, album_id, media_type_id, composer, milliseconds, bytes, unit_price) VALUES (245, 'Construção / Deus Lhe Pague', 23, 1, NULL, 383059, 12675305, 0.99);
INSERT INTO tracks (id, name, album_id, media_type_id, composer, milliseconds, bytes, unit_price) VALUES (246, 'Mateus Enter', 24, 1, 'Chico Science', 33149, 1103013, 0.99);
INSERT INTO tracks (id, name, album_id, media_type_id, composer, milliseconds, bytes, unit_price) VALUES (247, 'O Cidadão Do Mundo', 24, 1, 'Chico Science', 200933, 6724966, 0.99);
INSERT INTO tracks (id, name, album_id, media_type_id, composer, milliseconds, bytes, unit_price) VALUES (248, 'Etnia', 24, 1, 'Chico Science', 152555, 5061413, 0.99);
INSERT INTO tracks (id, name, album_id, media_type_id, composer, milliseconds, bytes, unit_price) VALUES (249, 'Quilombo Groove instrumental', 24, 1, 'Chico Science', 151823, 5042447, 0.99);
INSERT INTO tracks (id, name, album_id, media_type_id, composer, milliseconds, bytes, unit_price) VALUES (250, 'Macô', 24, 1, 'Chico Science', 249600, 8253934, 0.99);
INSERT INTO tracks (id, name, album_id, media_type_id, composer, milliseconds, bytes, unit_price) VALUES (251, 'Um Passeio No Mundo Livre', 24, 1, 'Chico Science', 240091, 7984291, 0.99);
INSERT INTO tracks (id, name, album_id, media_type_id, composer, milliseconds, bytes, unit_price) VALUES (252, 'Samba Do Lado', 24, 1, 'Chico Science', 227317, 7541688, 0.99);
INSERT INTO tracks (id, name, album_id, media_type_id, composer, milliseconds, bytes, unit_price) VALUES (253, 'Maracatu Atômico', 24, 1, 'Chico Science', 284264, 9670057, 0.99);
INSERT INTO tracks (id, name, album_id, media_type_id, composer, milliseconds, bytes, unit_price) VALUES (254, 'O Encontro De Isaac Asimov Com Santos Dumont No Céu', 24, 1, 'Chico Science', 99108, 3240816, 0.99);
INSERT INTO tracks (id, name, album_id, media_type_id, composer, milliseconds, bytes, unit_price) VALUES (255, 'Corpo De Lama', 24, 1, 'Chico Science', 232672, 7714954, 0.99);
INSERT INTO tracks (id, name, album_id, media_type_id, composer, milliseconds, bytes, unit_price) VALUES (256, 'Sobremesa', 24, 1, 'Chico Science', 240091, 7960868, 0.99);
INSERT INTO tracks (id, name, album_id, media_type_id, composer, milliseconds, bytes, unit_price) VALUES (257, 'Manguetown', 24, 1, 'Chico Science', 194560, 6475159, 0.99);
INSERT INTO tracks (id, name, album_id, media_type_id, composer, milliseconds, bytes, unit_price) VALUES (258, 'Um Satélite Na Cabeça', 24, 1, 'Chico Science', 126615, 4272821, 0.99);
INSERT INTO tracks (id, name, album_id, media_type_id, composer, milliseconds, bytes, unit_price) VALUES (259, 'Baião Ambiental instrumental', 24, 1, 'Chico Science', 152659, 5198539, 0.99);
INSERT INTO tracks (id, name, album_id, media_type_id, composer, milliseconds, bytes, unit_price) VALUES (260, 'Sangue De Bairro', 24, 1, 'Chico Science', 132231, 4415557, 0.99);
INSERT INTO tracks (id, name, album_id, media_type_id, composer, milliseconds, bytes, unit_price) VALUES (261, 'Enquanto O Mundo Explode', 24, 1, 'Chico Science', 88764, 2968650, 0.99);
INSERT INTO tracks (id, name, album_id, media_type_id, composer, milliseconds, bytes, unit_price) VALUES (262, 'Interlude Zumbi', 24, 1, 'Chico Science', 71627, 2408550, 0.99);
INSERT INTO tracks (id, name, album_id, media_type_id, composer, milliseconds, bytes, unit_price) VALUES (263, 'Criança De Domingo', 24, 1, 'Chico Science', 208222, 6984813, 0.99);
INSERT INTO tracks (id, name, album_id, media_type_id, composer, milliseconds, bytes, unit_price) VALUES (264, 'Amor De Muito', 24, 1, 'Chico Science', 175333, 5881293, 0.99);
INSERT INTO tracks (id, name, album_id, media_type_id, composer, milliseconds, bytes, unit_price) VALUES (265, 'Samidarish instrumental', 24, 1, 'Chico Science', 272431, 8911641, 0.99);
INSERT INTO tracks (id, name, album_id, media_type_id, composer, milliseconds, bytes, unit_price) VALUES (266, 'Maracatu Atômico [Atomic Version]', 24, 1, 'Chico Science', 273084, 9019677, 0.99);
INSERT INTO tracks (id, name, album_id, media_type_id, composer, milliseconds, bytes, unit_price) VALUES (267, 'Maracatu Atômico [Ragga Mix]', 24, 1, 'Chico Science', 210155, 6986421, 0.99);
INSERT INTO tracks (id, name, album_id, media_type_id, composer, milliseconds, bytes, unit_price) VALUES (268, 'Maracatu Atômico [Trip Hop]', 24, 1, 'Chico Science', 221492, 7380787, 0.99);
INSERT INTO tracks (id, name, album_id, media_type_id, composer, milliseconds, bytes, unit_price) VALUES (269, 'Banditismo Por Uma Questa', 25, 1, NULL, 307095, 10251097, 0.99);
INSERT INTO tracks (id, name, album_id, media_type_id, composer, milliseconds, bytes, unit_price) VALUES (270, 'Banditismo Por Uma Questa', 25, 1, NULL, 243644, 8147224, 0.99);
INSERT INTO tracks (id, name, album_id, media_type_id, composer, milliseconds, bytes, unit_price) VALUES (271, 'Rios Pontes & Overdrives', 25, 1, NULL, 286720, 9659152, 0.99);
INSERT INTO tracks (id, name, album_id, media_type_id, composer, milliseconds, bytes, unit_price) VALUES (272, 'Cidade', 25, 1, NULL, 216346, 7241817, 0.99);
INSERT INTO tracks (id, name, album_id, media_type_id, composer, milliseconds, bytes, unit_price) VALUES (273, 'Praiera', 25, 1, NULL, 183640, 6172781, 0.99);
INSERT INTO tracks (id, name, album_id, media_type_id, composer, milliseconds, bytes, unit_price) VALUES (274, 'Samba Makossa', 25, 1, NULL, 271856, 9095410, 0.99);
INSERT INTO tracks (id, name, album_id, media_type_id, composer, milliseconds, bytes, unit_price) VALUES (275, 'Da Lama Ao Caos', 25, 1, NULL, 251559, 8378065, 0.99);
INSERT INTO tracks (id, name, album_id, media_type_id, composer, milliseconds, bytes, unit_price) VALUES (276, 'Maracatu De Tiro Certeiro', 25, 1, NULL, 88868, 2901397, 0.99);
INSERT INTO tracks (id, name, album_id, media_type_id, composer, milliseconds, bytes, unit_price) VALUES (277, 'Salustiano Song', 25, 1, NULL, 215405, 7183969, 0.99);
INSERT INTO tracks (id, name, album_id, media_type_id, composer, milliseconds, bytes, unit_price) VALUES (278, 'Antene Se', 25, 1, NULL, 248372, 8253618, 0.99);
INSERT INTO tracks (id, name, album_id, media_type_id, composer, milliseconds, bytes, unit_price) VALUES (279, 'Risoflora', 25, 1, NULL, 105586, 3536938, 0.99);
INSERT INTO tracks (id, name, album_id, media_type_id, composer, milliseconds, bytes, unit_price) VALUES (280, 'Lixo Do Mangue', 25, 1, NULL, 193253, 6534200, 0.99);
INSERT INTO tracks (id, name, album_id, media_type_id, composer, milliseconds, bytes, unit_price) VALUES (281, 'Computadores Fazem Arte', 25, 1, NULL, 404323, 13702771, 0.99);
INSERT INTO tracks (id, name, album_id, media_type_id, composer, milliseconds, bytes, unit_price) VALUES (282, 'Girassol', 26, 1, 'Bino Farias/Da Gama/Lazão/Pedro Luis/Toni Garrido', 249808, 8327676, 0.99);
INSERT INTO tracks (id, name, album_id, media_type_id, composer, milliseconds, bytes, unit_price) VALUES (283, 'A Sombra Da Maldade', 26, 1, 'Da Gama/Toni Garrido', 230922, 7697230, 0.99);
INSERT INTO tracks (id, name, album_id, media_type_id, composer, milliseconds, bytes, unit_price) VALUES (284, 'Johnny B. Goode', 26, 1, 'Chuck Berry', 254615, 8505985, 0.99);
INSERT INTO tracks (id, name, album_id, media_type_id, composer, milliseconds, bytes, unit_price) VALUES (285, 'Soldado Da Paz', 26, 1, 'Herbert Vianna', 194220, 6455080, 0.99);
INSERT INTO tracks (id, name, album_id, media_type_id, composer, milliseconds, bytes, unit_price) VALUES (286, 'Firmamento', 26, 1, 'Bino Farias/Da Gama/Henry Lawes/Lazão/Toni Garrido/Winston Foser-Vers', 222145, 7402658, 0.99);
INSERT INTO tracks (id, name, album_id, media_type_id, composer, milliseconds, bytes, unit_price) VALUES (287, 'Extra', 26, 1, 'Gilberto Gil', 304352, 10078050, 0.99);
INSERT INTO tracks (id, name, album_id, media_type_id, composer, milliseconds, bytes, unit_price) VALUES (288, 'O Erê', 26, 1, 'Bernardo Vilhena/Bino Farias/Da Gama/Lazão/Toni Garrido', 236382, 7866924, 0.99);
INSERT INTO tracks (id, name, album_id, media_type_id, composer, milliseconds, bytes, unit_price) VALUES (289, 'Podes Crer', 26, 1, 'Bino Farias/Da Gama/Lazão/Toni Garrido', 232280, 7747747, 0.99);
INSERT INTO tracks (id, name, album_id, media_type_id, composer, milliseconds, bytes, unit_price) VALUES (290, 'A Estrada', 26, 1, 'Bino Farias/Da Gama/Lazão/Toni Garrido', 248842, 8275673, 0.99);
INSERT INTO tracks (id, name, album_id, media_type_id, composer, milliseconds, bytes, unit_price) VALUES (291, 'Berlim', 26, 1, 'Da Gama/Toni Garrido', 207542, 6920424, 0.99);
INSERT INTO tracks (id, name, album_id, media_type_id, composer, milliseconds, bytes, unit_price) VALUES (292, 'Já Foi', 26, 1, 'Bino Farias/Da Gama/Lazão/Toni Garrido', 221544, 7388466, 0.99);
INSERT INTO tracks (id, name, album_id, media_type_id, composer, milliseconds, bytes, unit_price) VALUES (293, 'Onde Você Mora?', 26, 1, 'Marisa Monte/Nando Reis', 256026, 8502588, 0.99);
INSERT INTO tracks (id, name, album_id, media_type_id, composer, milliseconds, bytes, unit_price) VALUES (294, 'Pensamento', 26, 1, 'Bino Farias/Da Gamma/Lazão/Rás Bernard', 173008, 5748424, 0.99);
INSERT INTO tracks (id, name, album_id, media_type_id, composer, milliseconds, bytes, unit_price) VALUES (295, 'Conciliação', 26, 1, 'Da Gama/Lazão/Rás Bernardo', 257619, 8552474, 0.99);
INSERT INTO tracks (id, name, album_id, media_type_id, composer, milliseconds, bytes, unit_price) VALUES (296, 'Realidade Virtual', 26, 1, 'Bino Farias/Da Gama/Lazão/Toni Garrido', 195239, 6503533, 0.99);
INSERT INTO tracks (id, name, album_id, media_type_id, composer, milliseconds, bytes, unit_price) VALUES (297, 'Mensagem', 26, 1, 'Bino Farias/Da Gama/Lazão/Rás Bernardo', 225332, 7488852, 0.99);
INSERT INTO tracks (id, name, album_id, media_type_id, composer, milliseconds, bytes, unit_price) VALUES (298, 'A Cor Do Sol', 26, 1, 'Bernardo Vilhena/Da Gama/Lazão', 231392, 7663348, 0.99);
INSERT INTO tracks (id, name, album_id, media_type_id, composer, milliseconds, bytes, unit_price) VALUES (299, 'Onde Você Mora?', 27, 1, 'Marisa Monte/Nando Reis', 298396, 10056970, 0.99);
INSERT INTO tracks (id, name, album_id, media_type_id, composer, milliseconds, bytes, unit_price) VALUES (300, 'O Erê', 27, 1, 'Bernardo Vilhena/Bino/Da Gama/Lazao/Toni Garrido', 206942, 6950332, 0.99);
INSERT INTO tracks (id, name, album_id, media_type_id, composer, milliseconds, bytes, unit_price) VALUES (301, 'A Sombra Da Maldade', 27, 1, 'Da Gama/Toni Garrido', 285231, 9544383, 0.99);
INSERT INTO tracks (id, name, album_id, media_type_id, composer, milliseconds, bytes, unit_price) VALUES (302, 'A Estrada', 27, 1, 'Da Gama/Lazao/Toni Garrido', 282174, 9344477, 0.99);
INSERT INTO tracks (id, name, album_id, media_type_id, composer, milliseconds, bytes, unit_price) VALUES (303, 'Falar A Verdade', 27, 1, 'Bino/Da Gama/Ras Bernardo', 244950, 8189093, 0.99);
INSERT INTO tracks (id, name, album_id, media_type_id, composer, milliseconds, bytes, unit_price) VALUES (304, 'Firmamento', 27, 1, 'Harry Lawes/Winston Foster-Vers', 225488, 7507866, 0.99);
INSERT INTO tracks (id, name, album_id, media_type_id, composer, milliseconds, bytes, unit_price) VALUES (305, 'Pensamento', 27, 1, 'Bino/Da Gama/Ras Bernardo', 192391, 6399761, 0.99);
INSERT INTO tracks (id, name, album_id, media_type_id, composer, milliseconds, bytes, unit_price) VALUES (306, 'Realidade Virtual', 27, 1, 'Bino/Da Gamma/Lazao/Toni Garrido', 240300, 8069934, 0.99);
INSERT INTO tracks (id, name, album_id, media_type_id, composer, milliseconds, bytes, unit_price) VALUES (307, 'Doutor', 27, 1, 'Bino/Da Gama/Toni Garrido', 178155, 5950952, 0.99);
INSERT INTO tracks (id, name, album_id, media_type_id, composer, milliseconds, bytes, unit_price) VALUES (308, 'Na Frente Da TV', 27, 1, 'Bino/Da Gama/Lazao/Ras Bernardo', 289750, 9633659, 0.99);
INSERT INTO tracks (id, name, album_id, media_type_id, composer, milliseconds, bytes, unit_price) VALUES (309, 'Downtown', 27, 1, 'Cidade Negra', 239725, 8024386, 0.99);
INSERT INTO tracks (id, name, album_id, media_type_id, composer, milliseconds, bytes, unit_price) VALUES (310, 'Sábado A Noite', 27, 1, 'Lulu Santos', 267363, 8895073, 0.99);
INSERT INTO tracks (id, name, album_id, media_type_id, composer, milliseconds, bytes, unit_price) VALUES (311, 'A Cor Do Sol', 27, 1, 'Bernardo Vilhena/Da Gama/Lazao', 273031, 9142937, 0.99);
INSERT INTO tracks (id, name, album_id, media_type_id, composer, milliseconds, bytes, unit_price) VALUES (312, 'Eu Também Quero Beijar', 27, 1, 'Fausto Nilo/Moraes Moreira/Pepeu Gomes', 211147, 7029400, 0.99);
INSERT INTO tracks (id, name, album_id, media_type_id, composer, milliseconds, bytes, unit_price) VALUES (313, 'Noite Do Prazer', 28, 1, NULL, 311353, 10309980, 0.99);
INSERT INTO tracks (id, name, album_id, media_type_id, composer, milliseconds, bytes, unit_price) VALUES (314, 'À Francesa', 28, 1, NULL, 244532, 8150846, 0.99);
INSERT INTO tracks (id, name, album_id, media_type_id, composer, milliseconds, bytes, unit_price) VALUES (315, 'Cada Um Cada Um (A Namoradeira)', 28, 1, NULL, 253492, 8441034, 0.99);
INSERT INTO tracks (id, name, album_id, media_type_id, composer, milliseconds, bytes, unit_price) VALUES (316, 'Linha Do Equador', 28, 1, NULL, 244715, 8123466, 0.99);
INSERT INTO tracks (id, name, album_id, media_type_id, composer, milliseconds, bytes, unit_price) VALUES (317, 'Amor Demais', 28, 1, NULL, 254040, 8420093, 0.99);
INSERT INTO tracks (id, name, album_id, media_type_id, composer, milliseconds, bytes, unit_price) VALUES (318, 'Férias', 28, 1, NULL, 264202, 8731945, 0.99);
INSERT INTO tracks (id, name, album_id, media_type_id, composer, milliseconds, bytes, unit_price) VALUES (319, 'Gostava Tanto De Você', 28, 1, NULL, 230452, 7685326, 0.99);
INSERT INTO tracks (id, name, album_id, media_type_id, composer, milliseconds, bytes, unit_price) VALUES (320, 'Flor Do Futuro', 28, 1, NULL, 275748, 9205941, 0.99);
INSERT INTO tracks (id, name, album_id, media_type_id, composer, milliseconds, bytes, unit_price) VALUES (321, 'Felicidade Urgente', 28, 1, NULL, 266605, 8873358, 0.99);
INSERT INTO tracks (id, name, album_id, media_type_id, composer, milliseconds, bytes, unit_price) VALUES (322, 'Livre Pra Viver', 28, 1, NULL, 214595, 7111596, 0.99);
INSERT INTO tracks (id, name, album_id, media_type_id, composer, milliseconds, bytes, unit_price) VALUES (323, 'Dig-Dig, Lambe-Lambe (Ao Vivo)', 29, 1, 'Cassiano Costa/Cintia Maviane/J.F./Lucas Costa', 205479, 6892516, 0.99);
INSERT INTO tracks (id, name, album_id, media_type_id, composer, milliseconds, bytes, unit_price) VALUES (324, 'Pererê', 29, 1, 'Augusto Conceição/Chiclete Com Banana', 198661, 6643207, 0.99);
INSERT INTO tracks (id, name, album_id, media_type_id, composer, milliseconds, bytes, unit_price) VALUES (325, 'TriboTchan', 29, 1, 'Cal Adan/Paulo Levi', 194194, 6507950, 0.99);
INSERT INTO tracks (id, name, album_id, media_type_id, composer, milliseconds, bytes, unit_price) VALUES (326, 'Tapa Aqui, Descobre Ali', 29, 1, 'Paulo Levi/W. Rangel', 188630, 6327391, 0.99);
INSERT INTO tracks (id, name, album_id, media_type_id, composer, milliseconds, bytes, unit_price) VALUES (327, 'Daniela', 29, 1, 'Jorge Cardoso/Pierre Onasis', 230791, 7748006, 0.99);
INSERT INTO tracks (id, name, album_id, media_type_id, composer, milliseconds, bytes, unit_price) VALUES (328, 'Bate Lata', 29, 1, 'Fábio Nolasco/Gal Sales/Ivan Brasil', 206733, 7034985, 0.99);
INSERT INTO tracks (id, name, album_id, media_type_id, composer, milliseconds, bytes, unit_price) VALUES (329, 'Garotas do Brasil', 29, 1, 'Garay, Ricardo Engels/Luca Predabom/Ludwig, Carlos Henrique/Maurício Vieira', 210155, 6973625, 0.99);
INSERT INTO tracks (id, name, album_id, media_type_id, composer, milliseconds, bytes, unit_price) VALUES (330, 'Levada do Amor (Ailoviu)', 29, 1, 'Luiz Wanderley/Paulo Levi', 190093, 6457752, 0.99);
INSERT INTO tracks (id, name, album_id, media_type_id, composer, milliseconds, bytes, unit_price) VALUES (331, 'Lavadeira', 29, 1, 'Do Vale, Valverde/Gal Oliveira/Luciano Pinto', 214256, 7254147, 0.99);
INSERT INTO tracks (id, name, album_id, media_type_id, composer, milliseconds, bytes, unit_price) VALUES (332, 'Reboladeira', 29, 1, 'Cal Adan/Ferrugem/Julinho Carioca/Tríona Ní Dhomhnaill', 210599, 7027525, 0.99);
INSERT INTO tracks (id, name, album_id, media_type_id, composer, milliseconds, bytes, unit_price) VALUES (333, 'É que Nessa Encarnação Eu Nasci Manga', 29, 1, 'Lucina/Luli', 196519, 6568081, 0.99);
INSERT INTO tracks (id, name, album_id, media_type_id, composer, milliseconds, bytes, unit_price) VALUES (334, 'Reggae Tchan', 29, 1, 'Cal Adan/Del Rey, Tension/Edu Casanova', 206654, 6931328, 0.99);
INSERT INTO tracks (id, name, album_id, media_type_id, composer, milliseconds, bytes, unit_price) VALUES (335, 'My Love', 29, 1, 'Jauperi/Zeu Góes', 203493, 6772813, 0.99);
INSERT INTO tracks (id, name, album_id, media_type_id, composer, milliseconds, bytes, unit_price) VALUES (336, 'Latinha de Cerveja', 29, 1, 'Adriano Bernandes/Edmar Neves', 166687, 5532564, 0.99);
INSERT INTO tracks (id, name, album_id, media_type_id, composer, milliseconds, bytes, unit_price) VALUES (337, 'You Shook Me', 30, 1, 'J B Lenoir/Willie Dixon', 315951, 10249958, 0.99);
INSERT INTO tracks (id, name, album_id, media_type_id, composer, milliseconds, bytes, unit_price) VALUES (338, 'I Can''t Quit You Baby', 30, 1, 'Willie Dixon', 263836, 8581414, 0.99);
INSERT INTO tracks (id, name, album_id, media_type_id, composer, milliseconds, bytes, unit_price) VALUES (339, 'Communication Breakdown', 30, 1, 'Jimmy Page/John Bonham/John Paul Jones', 192653, 6287257, 0.99);
INSERT INTO tracks (id, name, album_id, media_type_id, composer, milliseconds, bytes, unit_price) VALUES (340, 'Dazed and Confused', 30, 1, 'Jimmy Page', 401920, 13035765, 0.99);
INSERT INTO tracks (id, name, album_id, media_type_id, composer, milliseconds, bytes, unit_price) VALUES (341, 'The Girl I Love She Got Long Black Wavy Hair', 30, 1, 'Jimmy Page/John Bonham/John Estes/John Paul Jones/Robert Plant', 183327, 5995686, 0.99);
INSERT INTO tracks (id, name, album_id, media_type_id, composer, milliseconds, bytes, unit_price) VALUES (342, 'What is and Should Never Be', 30, 1, 'Jimmy Page/Robert Plant', 260675, 8497116, 0.99);
INSERT INTO tracks (id, name, album_id, media_type_id, composer, milliseconds, bytes, unit_price) VALUES (343, 'Communication Breakdown(2)', 30, 1, 'Jimmy Page/John Bonham/John Paul Jones', 161149, 5261022, 0.99);
INSERT INTO tracks (id, name, album_id, media_type_id, composer, milliseconds, bytes, unit_price) VALUES (344, 'Travelling Riverside Blues', 30, 1, 'Jimmy Page/Robert Johnson/Robert Plant', 312032, 10232581, 0.99);
INSERT INTO tracks (id, name, album_id, media_type_id, composer, milliseconds, bytes, unit_price) VALUES (345, 'Whole Lotta Love', 30, 1, 'Jimmy Page/John Bonham/John Paul Jones/Robert Plant/Willie Dixon', 373394, 12258175, 0.99);
INSERT INTO tracks (id, name, album_id, media_type_id, composer, milliseconds, bytes, unit_price) VALUES (346, 'Somethin'' Else', 30, 1, 'Bob Cochran/Sharon Sheeley', 127869, 4165650, 0.99);
INSERT INTO tracks (id, name, album_id, media_type_id, composer, milliseconds, bytes, unit_price) VALUES (347, 'Communication Breakdown(3)', 30, 1, 'Jimmy Page/John Bonham/John Paul Jones', 185260, 6041133, 0.99);
INSERT INTO tracks (id, name, album_id, media_type_id, composer, milliseconds, bytes, unit_price) VALUES (348, 'I Can''t Quit You Baby(2)', 30, 1, 'Willie Dixon', 380551, 12377615, 0.99);
INSERT INTO tracks (id, name, album_id, media_type_id, composer, milliseconds, bytes, unit_price) VALUES (349, 'You Shook Me(2)', 30, 1, 'J B Lenoir/Willie Dixon', 619467, 20138673, 0.99);
INSERT INTO tracks (id, name, album_id, media_type_id, composer, milliseconds, bytes, unit_price) VALUES (350, 'How Many More Times', 30, 1, 'Chester Burnett/Jimmy Page/John Bonham/John Paul Jones/Robert Plant', 711836, 23092953, 0.99);
INSERT INTO tracks (id, name, album_id, media_type_id, composer, milliseconds, bytes, unit_price) VALUES (351, 'Debra Kadabra', 31, 1, 'Frank Zappa', 234553, 7649679, 0.99);
INSERT INTO tracks (id, name, album_id, media_type_id, composer, milliseconds, bytes, unit_price) VALUES (352, 'Carolina Hard-Core Ecstasy', 31, 1, 'Frank Zappa', 359680, 11731061, 0.99);
INSERT INTO tracks (id, name, album_id, media_type_id, composer, milliseconds, bytes, unit_price) VALUES (353, 'Sam With The Showing Scalp Flat Top', 31, 1, 'Don Van Vliet', 171284, 5572993, 0.99);
INSERT INTO tracks (id, name, album_id, media_type_id, composer, milliseconds, bytes, unit_price) VALUES (354, 'Poofter''s Froth Wyoming Plans Ahead', 31, 1, 'Frank Zappa', 183902, 6007019, 0.99);
INSERT INTO tracks (id, name, album_id, media_type_id, composer, milliseconds, bytes, unit_price) VALUES (355, '200 Years Old', 31, 1, 'Frank Zappa', 272561, 8912465, 0.99);
INSERT INTO tracks (id, name, album_id, media_type_id, composer, milliseconds, bytes, unit_price) VALUES (356, 'Cucamonga', 31, 1, 'Frank Zappa', 144483, 4728586, 0.99);
INSERT INTO tracks (id, name, album_id, media_type_id, composer, milliseconds, bytes, unit_price) VALUES (357, 'Advance Romance', 31, 1, 'Frank Zappa', 677694, 22080051, 0.99);
INSERT INTO tracks (id, name, album_id, media_type_id, composer, milliseconds, bytes, unit_price) VALUES (358, 'Man With The Woman Head', 31, 1, 'Don Van Vliet', 88894, 2922044, 0.99);
INSERT INTO tracks (id, name, album_id, media_type_id, composer, milliseconds, bytes, unit_price) VALUES (359, 'Muffin Man', 31, 1, 'Frank Zappa', 332878, 10891682, 0.99);
INSERT INTO tracks (id, name, album_id, media_type_id, composer, milliseconds, bytes, unit_price) VALUES (360, 'Vai-Vai 2001', 32, 1, NULL, 276349, 9402241, 0.99);
INSERT INTO tracks (id, name, album_id, media_type_id, composer, milliseconds, bytes, unit_price) VALUES (361, 'X-9 2001', 32, 1, NULL, 273920, 9310370, 0.99);
INSERT INTO tracks (id, name, album_id, media_type_id, composer, milliseconds, bytes, unit_price) VALUES (362, 'Gavioes 2001', 32, 1, NULL, 282723, 9616640, 0.99);
INSERT INTO tracks (id, name, album_id, media_type_id, composer, milliseconds, bytes, unit_price) VALUES (363, 'Nene 2001', 32, 1, NULL, 284969, 9694508, 0.99);
INSERT INTO tracks (id, name, album_id, media_type_id, composer, milliseconds, bytes, unit_price) VALUES (364, 'Rosas De Ouro 2001', 32, 1, NULL, 284342, 9721084, 0.99);
INSERT INTO tracks (id, name, album_id, media_type_id, composer, milliseconds, bytes, unit_price) VALUES (365, 'Mocidade Alegre 2001', 32, 1, NULL, 282488, 9599937, 0.99);
INSERT INTO tracks (id, name, album_id, media_type_id, composer, milliseconds, bytes, unit_price) VALUES (366, 'Camisa Verde 2001', 32, 1, NULL, 283454, 9633755, 0.99);
INSERT INTO tracks (id, name, album_id, media_type_id, composer, milliseconds, bytes, unit_price) VALUES (367, 'Leandro De Itaquera 2001', 32, 1, NULL, 274808, 9451845, 0.99);
INSERT INTO tracks (id, name, album_id, media_type_id, composer, milliseconds, bytes, unit_price) VALUES (368, 'Tucuruvi 2001', 32, 1, NULL, 287921, 9883335, 0.99);
INSERT INTO tracks (id, name, album_id, media_type_id, composer, milliseconds, bytes, unit_price) VALUES (369, 'Aguia De Ouro 2001', 32, 1, NULL, 284160, 9698729, 0.99);
INSERT INTO tracks (id, name, album_id, media_type_id, composer, milliseconds, bytes, unit_price) VALUES (370, 'Ipiranga 2001', 32, 1, NULL, 248293, 8522591, 0.99);
INSERT INTO tracks (id, name, album_id, media_type_id, composer, milliseconds, bytes, unit_price) VALUES (371, 'Morro Da Casa Verde 2001', 32, 1, NULL, 284708, 9718778, 0.99);
INSERT INTO tracks (id, name, album_id, media_type_id, composer, milliseconds, bytes, unit_price) VALUES (372, 'Perola Negra 2001', 32, 1, NULL, 281626, 9619196, 0.99);
INSERT INTO tracks (id, name, album_id, media_type_id, composer, milliseconds, bytes, unit_price) VALUES (373, 'Sao Lucas 2001', 32, 1, NULL, 296254, 10020122, 0.99);
INSERT INTO tracks (id, name, album_id, media_type_id, composer, milliseconds, bytes, unit_price) VALUES (374, 'Guanabara', 33, 1, 'Marcos Valle', 247614, 8499591, 0.99);
INSERT INTO tracks (id, name, album_id, media_type_id, composer, milliseconds, bytes, unit_price) VALUES (375, 'Mas Que Nada', 33, 1, 'Jorge Ben', 248398, 8255254, 0.99);
INSERT INTO tracks (id, name, album_id, media_type_id, composer, milliseconds, bytes, unit_price) VALUES (376, 'Vôo Sobre o Horizonte', 33, 1, 'J.r.Bertami/Parana', 225097, 7528825, 0.99);
INSERT INTO tracks (id, name, album_id, media_type_id, composer, milliseconds, bytes, unit_price) VALUES (377, 'A Paz', 33, 1, 'Donato/Gilberto Gil', 263183, 8619173, 0.99);
INSERT INTO tracks (id, name, album_id, media_type_id, composer, milliseconds, bytes, unit_price) VALUES (378, 'Wave (Vou te Contar)', 33, 1, 'Antonio Carlos Jobim', 271647, 9057557, 0.99);
INSERT INTO tracks (id, name, album_id, media_type_id, composer, milliseconds, bytes, unit_price) VALUES (379, 'Água de Beber', 33, 1, 'Antonio Carlos Jobim/Vinicius de Moraes', 146677, 4866476, 0.99);
INSERT INTO tracks (id, name, album_id, media_type_id, composer, milliseconds, bytes, unit_price) VALUES (380, 'Samba da Bençaco', 33, 1, 'Baden Powell/Vinicius de Moraes', 282200, 9440676, 0.99);
INSERT INTO tracks (id, name, album_id, media_type_id, composer, milliseconds, bytes, unit_price) VALUES (381, 'Pode Parar', 33, 1, 'Jorge Vercilo/Jota Maranhao', 179408, 6046678, 0.99);
INSERT INTO tracks (id, name, album_id, media_type_id, composer, milliseconds, bytes, unit_price) VALUES (382, 'Menino do Rio', 33, 1, 'Caetano Veloso', 262713, 8737489, 0.99);
INSERT INTO tracks (id, name, album_id, media_type_id, composer, milliseconds, bytes, unit_price) VALUES (383, 'Ando Meio Desligado', 33, 1, 'Caetano Veloso', 195813, 6547648, 0.99);
INSERT INTO tracks (id, name, album_id, media_type_id, composer, milliseconds, bytes, unit_price) VALUES (384, 'Mistério da Raça', 33, 1, 'Luiz Melodia/Ricardo Augusto', 184320, 6191752, 0.99);
INSERT INTO tracks (id, name, album_id, media_type_id, composer, milliseconds, bytes, unit_price) VALUES (385, 'All Star', 33, 1, 'Nando Reis', 176326, 5891697, 0.99);
INSERT INTO tracks (id, name, album_id, media_type_id, composer, milliseconds, bytes, unit_price) VALUES (386, 'Menina Bonita', 33, 1, 'Alexandre Brazil/Pedro Luis/Rodrigo Cabelo', 237087, 7938246, 0.99);
INSERT INTO tracks (id, name, album_id, media_type_id, composer, milliseconds, bytes, unit_price) VALUES (387, 'Pescador de Ilusões', 33, 1, 'Macelo Yuka/O Rappa', 245524, 8267067, 0.99);
INSERT INTO tracks (id, name, album_id, media_type_id, composer, milliseconds, bytes, unit_price) VALUES (388, 'À Vontade (Live Mix)', 33, 1, 'Bombom/Ed Motta', 180636, 5972430, 0.99);
INSERT INTO tracks (id, name, album_id, media_type_id, composer, milliseconds, bytes, unit_price) VALUES (389, 'Maria Fumaça', 33, 1, 'Luiz Carlos/Oberdan', 141008, 4743149, 0.99);
INSERT INTO tracks (id, name, album_id, media_type_id, composer, milliseconds, bytes, unit_price) VALUES (390, 'Sambassim (dj patife remix)', 33, 1, 'Alba Carvalho/Fernando Porto', 213655, 7243166, 0.99);
INSERT INTO tracks (id, name, album_id, media_type_id, composer, milliseconds, bytes, unit_price) VALUES (391, 'Garota De Ipanema', 34, 1, 'Vários', 279536, 9141343, 0.99);
INSERT INTO tracks (id, name, album_id, media_type_id, composer, milliseconds, bytes, unit_price) VALUES (392, 'Tim Tim Por Tim Tim', 34, 1, 'Vários', 213237, 7143328, 0.99);
INSERT INTO tracks (id, name, album_id, media_type_id, composer, milliseconds, bytes, unit_price) VALUES (393, 'Tarde Em Itapoã', 34, 1, 'Vários', 313704, 10344491, 0.99);
INSERT INTO tracks (id, name, album_id, media_type_id, composer, milliseconds, bytes, unit_price) VALUES (394, 'Tanto Tempo', 34, 1, 'Vários', 170292, 5572240, 0.99);
INSERT INTO tracks (id, name, album_id, media_type_id, composer, milliseconds, bytes, unit_price) VALUES (395, 'Eu Vim Da Bahia - Live', 34, 1, 'Vários', 157988, 5115428, 0.99);
INSERT INTO tracks (id, name, album_id, media_type_id, composer, milliseconds, bytes, unit_price) VALUES (396, 'Alô Alô Marciano', 34, 1, 'Vários', 238106, 8013065, 0.99);
INSERT INTO tracks (id, name, album_id, media_type_id, composer, milliseconds, bytes, unit_price) VALUES (397, 'Linha Do Horizonte', 34, 1, 'Vários', 279484, 9275929, 0.99);
INSERT INTO tracks (id, name, album_id, media_type_id, composer, milliseconds, bytes, unit_price) VALUES (398, 'Only A Dream In Rio', 34, 1, 'Vários', 371356, 12192989, 0.99);
INSERT INTO tracks (id, name, album_id, media_type_id, composer, milliseconds, bytes, unit_price) VALUES (399, 'Abrir A Porta', 34, 1, 'Vários', 271960, 8991141, 0.99);
INSERT INTO tracks (id, name, album_id, media_type_id, composer, milliseconds, bytes, unit_price) VALUES (400, 'Alice', 34, 1, 'Vários', 165982, 5594341, 0.99);
INSERT INTO tracks (id, name, album_id, media_type_id, composer, milliseconds, bytes, unit_price) VALUES (401, 'Momentos Que Marcam', 34, 1, 'Vários', 280137, 9313740, 0.99);
INSERT INTO tracks (id, name, album_id, media_type_id, composer, milliseconds, bytes, unit_price) VALUES (402, 'Um Jantar Pra Dois', 34, 1, 'Vários', 237714, 7819755, 0.99);
INSERT INTO tracks (id, name, album_id, media_type_id, composer, milliseconds, bytes, unit_price) VALUES (403, 'Bumbo Da Mangueira', 34, 1, 'Vários', 270158, 9073350, 0.99);
INSERT INTO tracks (id, name, album_id, media_type_id, composer, milliseconds, bytes, unit_price) VALUES (404, 'Mr Funk Samba', 34, 1, 'Vários', 213890, 7102545, 0.99);
INSERT INTO tracks (id, name, album_id, media_type_id, composer, milliseconds, bytes, unit_price) VALUES (405, 'Santo Antonio', 34, 1, 'Vários', 162716, 5492069, 0.99);
INSERT INTO tracks (id, name, album_id, media_type_id, composer, milliseconds, bytes, unit_price) VALUES (406, 'Por Você', 34, 1, 'Vários', 205557, 6792493, 0.99);
INSERT INTO tracks (id, name, album_id, media_type_id, composer, milliseconds, bytes, unit_price) VALUES (407, 'Só Tinha De Ser Com Você', 34, 1, 'Vários', 389642, 13085596, 0.99);
INSERT INTO tracks (id, name, album_id, media_type_id, composer, milliseconds, bytes, unit_price) VALUES (408, 'Free Speech For The Dumb', 35, 1, 'Molaney/Morris/Roberts/Wainwright', 155428, 5076048, 0.99);
INSERT INTO tracks (id, name, album_id, media_type_id, composer, milliseconds, bytes, unit_price) VALUES (409, 'It''s Electric', 35, 1, 'Harris/Tatler', 213995, 6978601, 0.99);
INSERT INTO tracks (id, name, album_id, media_type_id, composer, milliseconds, bytes, unit_price) VALUES (410, 'Sabbra Cadabra', 35, 1, 'Black Sabbath', 380342, 12418147, 0.99);
INSERT INTO tracks (id, name, album_id, media_type_id, composer, milliseconds, bytes, unit_price) VALUES (411, 'Turn The Page', 35, 1, 'Seger', 366524, 11946327, 0.99);
INSERT INTO tracks (id, name, album_id, media_type_id, composer, milliseconds, bytes, unit_price) VALUES (412, 'Die Die My Darling', 35, 1, 'Danzig', 149315, 4867667, 0.99);
INSERT INTO tracks (id, name, album_id, media_type_id, composer, milliseconds, bytes, unit_price) VALUES (413, 'Loverman', 35, 1, 'Cave', 472764, 15446975, 0.99);
INSERT INTO tracks (id, name, album_id, media_type_id, composer, milliseconds, bytes, unit_price) VALUES (414, 'Mercyful Fate', 35, 1, 'Diamond/Shermann', 671712, 21942829, 0.99);
INSERT INTO tracks (id, name, album_id, media_type_id, composer, milliseconds, bytes, unit_price) VALUES (415, 'Astronomy', 35, 1, 'A.Bouchard/J.Bouchard/S.Pearlman', 397531, 13065612, 0.99);
INSERT INTO tracks (id, name, album_id, media_type_id, composer, milliseconds, bytes, unit_price) VALUES (416, 'Whiskey In The Jar', 35, 1, 'Traditional', 305005, 9943129, 0.99);
INSERT INTO tracks (id, name, album_id, media_type_id, composer, milliseconds, bytes, unit_price) VALUES (417, 'Tuesday''s Gone', 35, 1, 'Collins/Van Zandt', 545750, 17900787, 0.99);
INSERT INTO tracks (id, name, album_id, media_type_id, composer, milliseconds, bytes, unit_price) VALUES (418, 'The More I See', 35, 1, 'Molaney/Morris/Roberts/Wainwright', 287973, 9378873, 0.99);
INSERT INTO tracks (id, name, album_id, media_type_id, composer, milliseconds, bytes, unit_price) VALUES (419, 'A Kind Of Magic', 36, 1, 'Roger Taylor', 262608, 8689618, 0.99);
INSERT INTO tracks (id, name, album_id, media_type_id, composer, milliseconds, bytes, unit_price) VALUES (420, 'Under Pressure', 36, 1, 'Queen & David Bowie', 236617, 7739042, 0.99);
INSERT INTO tracks (id, name, album_id, media_type_id, composer, milliseconds, bytes, unit_price) VALUES (421, 'Radio GA GA', 36, 1, 'Roger Taylor', 343745, 11358573, 0.99);
INSERT INTO tracks (id, name, album_id, media_type_id, composer, milliseconds, bytes, unit_price) VALUES (422, 'I Want It All', 36, 1, 'Queen', 241684, 7876564, 0.99);
INSERT INTO tracks (id, name, album_id, media_type_id, composer, milliseconds, bytes, unit_price) VALUES (423, 'I Want To Break Free', 36, 1, 'John Deacon', 259108, 8552861, 0.99);
INSERT INTO tracks (id, name, album_id, media_type_id, composer, milliseconds, bytes, unit_price) VALUES (424, 'Innuendo', 36, 1, 'Queen', 387761, 12664591, 0.99);
INSERT INTO tracks (id, name, album_id, media_type_id, composer, milliseconds, bytes, unit_price) VALUES (425, 'It''s A Hard Life', 36, 1, 'Freddie Mercury', 249417, 8112242, 0.99);
INSERT INTO tracks (id, name, album_id, media_type_id, composer, milliseconds, bytes, unit_price) VALUES (426, 'Breakthru', 36, 1, 'Queen', 249234, 8150479, 0.99);
INSERT INTO tracks (id, name, album_id, media_type_id, composer, milliseconds, bytes, unit_price) VALUES (427, 'Who Wants To Live Forever', 36, 1, 'Brian May', 297691, 9577577, 0.99);
INSERT INTO tracks (id, name, album_id, media_type_id, composer, milliseconds, bytes, unit_price) VALUES (428, 'Headlong', 36, 1, 'Queen', 273057, 8921404, 0.99);
INSERT INTO tracks (id, name, album_id, media_type_id, composer, milliseconds, bytes, unit_price) VALUES (429, 'The Miracle', 36, 1, 'Queen', 294974, 9671923, 0.99);
INSERT INTO tracks (id, name, album_id, media_type_id, composer, milliseconds, bytes, unit_price) VALUES (430, 'I''m Going Slightly Mad', 36, 1, 'Queen', 248032, 8192339, 0.99);
INSERT INTO tracks (id, name, album_id, media_type_id, composer, milliseconds, bytes, unit_price) VALUES (431, 'The Invisible Man', 36, 1, 'Queen', 238994, 7920353, 0.99);
INSERT INTO tracks (id, name, album_id, media_type_id, composer, milliseconds, bytes, unit_price) VALUES (432, 'Hammer To Fall', 36, 1, 'Brian May', 220316, 7255404, 0.99);
INSERT INTO tracks (id, name, album_id, media_type_id, composer, milliseconds, bytes, unit_price) VALUES (433, 'Friends Will Be Friends', 36, 1, 'Freddie Mercury & John Deacon', 248920, 8114582, 0.99);
INSERT INTO tracks (id, name, album_id, media_type_id, composer, milliseconds, bytes, unit_price) VALUES (434, 'The Show Must Go On', 36, 1, 'Queen', 263784, 8526760, 0.99);
INSERT INTO tracks (id, name, album_id, media_type_id, composer, milliseconds, bytes, unit_price) VALUES (435, 'One Vision', 36, 1, 'Queen', 242599, 7936928, 0.99);
INSERT INTO tracks (id, name, album_id, media_type_id, composer, milliseconds, bytes, unit_price) VALUES (436, 'Detroit Rock City', 37, 1, 'Paul Stanley, B. Ezrin', 218880, 7146372, 0.99);
INSERT INTO tracks (id, name, album_id, media_type_id, composer, milliseconds, bytes, unit_price) VALUES (437, 'Black Diamond', 37, 1, 'Paul Stanley', 314148, 10266007, 0.99);
INSERT INTO tracks (id, name, album_id, media_type_id, composer, milliseconds, bytes, unit_price) VALUES (438, 'Hard Luck Woman', 37, 1, 'Paul Stanley', 216032, 7109267, 0.99);
INSERT INTO tracks (id, name, album_id, media_type_id, composer, milliseconds, bytes, unit_price) VALUES (439, 'Sure Know Something', 37, 1, 'Paul Stanley, Vincent Poncia', 242468, 7939886, 0.99);
INSERT INTO tracks (id, name, album_id, media_type_id, composer, milliseconds, bytes, unit_price) VALUES (440, 'Love Gun', 37, 1, 'Paul Stanley', 196257, 6424915, 0.99);
INSERT INTO tracks (id, name, album_id, media_type_id, composer, milliseconds, bytes, unit_price) VALUES (441, 'Deuce', 37, 1, 'Gene Simmons', 185077, 6097210, 0.99);
INSERT INTO tracks (id, name, album_id, media_type_id, composer, milliseconds, bytes, unit_price) VALUES (442, 'Goin'' Blind', 37, 1, 'Gene Simmons, S. Coronel', 216215, 7045314, 0.99);
INSERT INTO tracks (id, name, album_id, media_type_id, composer, milliseconds, bytes, unit_price) VALUES (443, 'Shock Me', 37, 1, 'Ace Frehley', 227291, 7529336, 0.99);
INSERT INTO tracks (id, name, album_id, media_type_id, composer, milliseconds, bytes, unit_price) VALUES (444, 'Do You Love Me', 37, 1, 'Paul Stanley, B. Ezrin, K. Fowley', 214987, 6976194, 0.99);
INSERT INTO tracks (id, name, album_id, media_type_id, composer, milliseconds, bytes, unit_price) VALUES (445, 'She', 37, 1, 'Gene Simmons, S. Coronel', 248346, 8229734, 0.99);
INSERT INTO tracks (id, name, album_id, media_type_id, composer, milliseconds, bytes, unit_price) VALUES (446, 'I Was Made For Loving You', 37, 1, 'Paul Stanley, Vincent Poncia, Desmond Child', 271360, 9018078, 0.99);
INSERT INTO tracks (id, name, album_id, media_type_id, composer, milliseconds, bytes, unit_price) VALUES (447, 'Shout It Out Loud', 37, 1, 'Paul Stanley, Gene Simmons, B. Ezrin', 219742, 7194424, 0.99);
INSERT INTO tracks (id, name, album_id, media_type_id, composer, milliseconds, bytes, unit_price) VALUES (448, 'God Of Thunder', 37, 1, 'Paul Stanley', 255791, 8309077, 0.99);
INSERT INTO tracks (id, name, album_id, media_type_id, composer, milliseconds, bytes, unit_price) VALUES (449, 'Calling Dr. Love', 37, 1, 'Gene Simmons', 225332, 7395034, 0.99);
INSERT INTO tracks (id, name, album_id, media_type_id, composer, milliseconds, bytes, unit_price) VALUES (450, 'Beth', 37, 1, 'S. Penridge, Bob Ezrin, Peter Criss', 166974, 5360574, 0.99);
INSERT INTO tracks (id, name, album_id, media_type_id, composer, milliseconds, bytes, unit_price) VALUES (451, 'Strutter', 37, 1, 'Paul Stanley, Gene Simmons', 192496, 6317021, 0.99);
INSERT INTO tracks (id, name, album_id, media_type_id, composer, milliseconds, bytes, unit_price) VALUES (452, 'Rock And Roll All Nite', 37, 1, 'Paul Stanley, Gene Simmons', 173609, 5735902, 0.99);
INSERT INTO tracks (id, name, album_id, media_type_id, composer, milliseconds, bytes, unit_price) VALUES (453, 'Cold Gin', 37, 1, 'Ace Frehley', 262243, 8609783, 0.99);
INSERT INTO tracks (id, name, album_id, media_type_id, composer, milliseconds, bytes, unit_price) VALUES (454, 'Plaster Caster', 37, 1, 'Gene Simmons', 207333, 6801116, 0.99);
INSERT INTO tracks (id, name, album_id, media_type_id, composer, milliseconds, bytes, unit_price) VALUES (455, 'God Gave Rock ''n'' Roll To You', 37, 1, 'Paul Stanley, Gene Simmons, Rus Ballard, Bob Ezrin', 320444, 10441590, 0.99);
INSERT INTO tracks (id, name, album_id, media_type_id, composer, milliseconds, bytes, unit_price) VALUES (456, 'Heart of the Night', 38, 1, NULL, 273737, 9098263, 0.99);
INSERT INTO tracks (id, name, album_id, media_type_id, composer, milliseconds, bytes, unit_price) VALUES (457, 'De La Luz', 38, 1, NULL, 315219, 10518284, 0.99);
INSERT INTO tracks (id, name, album_id, media_type_id, composer, milliseconds, bytes, unit_price) VALUES (458, 'Westwood Moon', 38, 1, NULL, 295627, 9765802, 0.99);
INSERT INTO tracks (id, name, album_id, media_type_id, composer, milliseconds, bytes, unit_price) VALUES (459, 'Midnight', 38, 1, NULL, 266866, 8851060, 0.99);
INSERT INTO tracks (id, name, album_id, media_type_id, composer, milliseconds, bytes, unit_price) VALUES (460, 'Playtime', 38, 1, NULL, 273580, 9070880, 0.99);
INSERT INTO tracks (id, name, album_id, media_type_id, composer, milliseconds, bytes, unit_price) VALUES (461, 'Surrender', 38, 1, NULL, 287634, 9422926, 0.99);
INSERT INTO tracks (id, name, album_id, media_type_id, composer, milliseconds, bytes, unit_price) VALUES (462, 'Valentino''s', 38, 1, NULL, 296124, 9848545, 0.99);
INSERT INTO tracks (id, name, album_id, media_type_id, composer, milliseconds, bytes, unit_price) VALUES (463, 'Believe', 38, 1, NULL, 310778, 10317185, 0.99);
INSERT INTO tracks (id, name, album_id, media_type_id, composer, milliseconds, bytes, unit_price) VALUES (464, 'As We Sleep', 38, 1, NULL, 316865, 10429398, 0.99);
INSERT INTO tracks (id, name, album_id, media_type_id, composer, milliseconds, bytes, unit_price) VALUES (465, 'When Evening Falls', 38, 1, NULL, 298135, 9863942, 0.99);
INSERT INTO tracks (id, name, album_id, media_type_id, composer, milliseconds, bytes, unit_price) VALUES (466, 'J Squared', 38, 1, NULL, 288757, 9480777, 0.99);
INSERT INTO tracks (id, name, album_id, media_type_id, composer, milliseconds, bytes, unit_price) VALUES (467, 'Best Thing', 38, 1, NULL, 274259, 9069394, 0.99);
INSERT INTO tracks (id, name, album_id, media_type_id, composer, milliseconds, bytes, unit_price) VALUES (468, 'Maria', 39, 1, 'Billie Joe Armstrong -Words Green Day -Music', 167262, 5484747, 0.99);
INSERT INTO tracks (id, name, album_id, media_type_id, composer, milliseconds, bytes, unit_price) VALUES (469, 'Poprocks And Coke', 39, 1, 'Billie Joe Armstrong -Words Green Day -Music', 158354, 5243078, 0.99);
INSERT INTO tracks (id, name, album_id, media_type_id, composer, milliseconds, bytes, unit_price) VALUES (470, 'Longview', 39, 1, 'Billie Joe Armstrong -Words Green Day -Music', 234083, 7714939, 0.99);
INSERT INTO tracks (id, name, album_id, media_type_id, composer, milliseconds, bytes, unit_price) VALUES (471, 'Welcome To Paradise', 39, 1, 'Billie Joe Armstrong -Words Green Day -Music', 224208, 7406008, 0.99);
INSERT INTO tracks (id, name, album_id, media_type_id, composer, milliseconds, bytes, unit_price) VALUES (472, 'Basket Case', 39, 1, 'Billie Joe Armstrong -Words Green Day -Music', 181629, 5951736, 0.99);
INSERT INTO tracks (id, name, album_id, media_type_id, composer, milliseconds, bytes, unit_price) VALUES (473, 'When I Come Around', 39, 1, 'Billie Joe Armstrong -Words Green Day -Music', 178364, 5839426, 0.99);
INSERT INTO tracks (id, name, album_id, media_type_id, composer, milliseconds, bytes, unit_price) VALUES (474, 'She', 39, 1, 'Billie Joe Armstrong -Words Green Day -Music', 134164, 4425128, 0.99);
INSERT INTO tracks (id, name, album_id, media_type_id, composer, milliseconds, bytes, unit_price) VALUES (475, 'J.A.R. (Jason Andrew Relva)', 39, 1, 'Mike Dirnt -Words Green Day -Music', 170997, 5645755, 0.99);
INSERT INTO tracks (id, name, album_id, media_type_id, composer, milliseconds, bytes, unit_price) VALUES (476, 'Geek Stink Breath', 39, 1, 'Billie Joe Armstrong -Words Green Day -Music', 135888, 4408983, 0.99);
INSERT INTO tracks (id, name, album_id, media_type_id, composer, milliseconds, bytes, unit_price) VALUES (477, 'Brain Stew', 39, 1, 'Billie Joe Armstrong -Words Green Day -Music', 193149, 6305550, 0.99);
INSERT INTO tracks (id, name, album_id, media_type_id, composer, milliseconds, bytes, unit_price) VALUES (478, 'Jaded', 39, 1, 'Billie Joe Armstrong -Words Green Day -Music', 90331, 2950224, 0.99);
INSERT INTO tracks (id, name, album_id, media_type_id, composer, milliseconds, bytes, unit_price) VALUES (479, 'Walking Contradiction', 39, 1, 'Billie Joe Armstrong -Words Green Day -Music', 151170, 4932366, 0.99);
INSERT INTO tracks (id, name, album_id, media_type_id, composer, milliseconds, bytes, unit_price) VALUES (480, 'Stuck With Me', 39, 1, 'Billie Joe Armstrong -Words Green Day -Music', 135523, 4431357, 0.99);
INSERT INTO tracks (id, name, album_id, media_type_id, composer, milliseconds, bytes, unit_price) VALUES (481, 'Hitchin'' A Ride', 39, 1, 'Billie Joe Armstrong -Words Green Day -Music', 171546, 5616891, 0.99);
INSERT INTO tracks (id, name, album_id, media_type_id, composer, milliseconds, bytes, unit_price) VALUES (482, 'Good Riddance (Time Of Your Life)', 39, 1, 'Billie Joe Armstrong -Words Green Day -Music', 153600, 5075241, 0.99);
INSERT INTO tracks (id, name, album_id, media_type_id, composer, milliseconds, bytes, unit_price) VALUES (483, 'Redundant', 39, 1, 'Billie Joe Armstrong -Words Green Day -Music', 198164, 6481753, 0.99);
INSERT INTO tracks (id, name, album_id, media_type_id, composer, milliseconds, bytes, unit_price) VALUES (484, 'Nice Guys Finish Last', 39, 1, 'Billie Joe Armstrong -Words Green Day -Music', 170187, 5604618, 0.99);
INSERT INTO tracks (id, name, album_id, media_type_id, composer, milliseconds, bytes, unit_price) VALUES (485, 'Minority', 39, 1, 'Billie Joe Armstrong -Words Green Day -Music', 168803, 5535061, 0.99);
INSERT INTO tracks (id, name, album_id, media_type_id, composer, milliseconds, bytes, unit_price) VALUES (486, 'Warning', 39, 1, 'Billie Joe Armstrong -Words Green Day -Music', 221910, 7343176, 0.99);
INSERT INTO tracks (id, name, album_id, media_type_id, composer, milliseconds, bytes, unit_price) VALUES (487, 'Waiting', 39, 1, 'Billie Joe Armstrong -Words Green Day -Music', 192757, 6316430, 0.99);
INSERT INTO tracks (id, name, album_id, media_type_id, composer, milliseconds, bytes, unit_price) VALUES (488, 'Macy''s Day Parade', 39, 1, 'Billie Joe Armstrong -Words Green Day -Music', 213420, 7075573, 0.99);
INSERT INTO tracks (id, name, album_id, media_type_id, composer, milliseconds, bytes, unit_price) VALUES (489, 'Into The Light', 40, 1, 'David Coverdale', 76303, 2452653, 0.99);
INSERT INTO tracks (id, name, album_id, media_type_id, composer, milliseconds, bytes, unit_price) VALUES (490, 'River Song', 40, 1, 'David Coverdale', 439510, 14359478, 0.99);
INSERT INTO tracks (id, name, album_id, media_type_id, composer, milliseconds, bytes, unit_price) VALUES (491, 'She Give Me ...', 40, 1, 'David Coverdale', 252551, 8385478, 0.99);
INSERT INTO tracks (id, name, album_id, media_type_id, composer, milliseconds, bytes, unit_price) VALUES (492, 'Don''t You Cry', 40, 1, 'David Coverdale', 347036, 11269612, 0.99);
INSERT INTO tracks (id, name, album_id, media_type_id, composer, milliseconds, bytes, unit_price) VALUES (493, 'Love Is Blind', 40, 1, 'David Coverdale/Earl Slick', 344999, 11409720, 0.99);
INSERT INTO tracks (id, name, album_id, media_type_id, composer, milliseconds, bytes, unit_price) VALUES (494, 'Slave', 40, 1, 'David Coverdale/Earl Slick', 291892, 9425200, 0.99);
INSERT INTO tracks (id, name, album_id, media_type_id, composer, milliseconds, bytes, unit_price) VALUES (495, 'Cry For Love', 40, 1, 'Bossi/David Coverdale/Earl Slick', 293015, 9567075, 0.99);
INSERT INTO tracks (id, name, album_id, media_type_id, composer, milliseconds, bytes, unit_price) VALUES (496, 'Living On Love', 40, 1, 'Bossi/David Coverdale/Earl Slick', 391549, 12785876, 0.99);
INSERT INTO tracks (id, name, album_id, media_type_id, composer, milliseconds, bytes, unit_price) VALUES (497, 'Midnight Blue', 40, 1, 'David Coverdale/Earl Slick', 298631, 9750990, 0.99);
INSERT INTO tracks (id, name, album_id, media_type_id, composer, milliseconds, bytes, unit_price) VALUES (498, 'Too Many Tears', 40, 1, 'Adrian Vanderberg/David Coverdale', 359497, 11810238, 0.99);
INSERT INTO tracks (id, name, album_id, media_type_id, composer, milliseconds, bytes, unit_price) VALUES (499, 'Don''t Lie To Me', 40, 1, 'David Coverdale/Earl Slick', 283585, 9288007, 0.99);
INSERT INTO tracks (id, name, album_id, media_type_id, composer, milliseconds, bytes, unit_price) VALUES (500, 'Wherever You May Go', 40, 1, 'David Coverdale', 239699, 7803074, 0.99);
INSERT INTO tracks (id, name, album_id, media_type_id, composer, milliseconds, bytes, unit_price) VALUES (501, 'Grito De Alerta', 41, 1, 'Gonzaga Jr.', 202213, 6539422, 0.99);
INSERT INTO tracks (id, name, album_id, media_type_id, composer, milliseconds, bytes, unit_price) VALUES (502, 'Não Dá Mais Pra Segurar (Explode Coração)', 41, 1, NULL, 219768, 7083012, 0.99);
INSERT INTO tracks (id, name, album_id, media_type_id, composer, milliseconds, bytes, unit_price) VALUES (503, 'Começaria Tudo Outra Vez', 41, 1, NULL, 196545, 6473395, 0.99);
INSERT INTO tracks (id, name, album_id, media_type_id, composer, milliseconds, bytes, unit_price) VALUES (504, 'O Que É O Que É ?', 41, 1, NULL, 259291, 8650647, 0.99);
INSERT INTO tracks (id, name, album_id, media_type_id, composer, milliseconds, bytes, unit_price) VALUES (505, 'Sangrando', 41, 1, 'Gonzaga Jr/Gonzaguinha', 169717, 5494406, 0.99);
INSERT INTO tracks (id, name, album_id, media_type_id, composer, milliseconds, bytes, unit_price) VALUES (506, 'Diga Lá, Coração', 41, 1, NULL, 255921, 8280636, 0.99);
INSERT INTO tracks (id, name, album_id, media_type_id, composer, milliseconds, bytes, unit_price) VALUES (507, 'Lindo Lago Do Amor', 41, 1, 'Gonzaga Jr.', 249678, 8353191, 0.99);
INSERT INTO tracks (id, name, album_id, media_type_id, composer, milliseconds, bytes, unit_price) VALUES (508, 'Eu Apenas Queria Que Voçê Soubesse', 41, 1, NULL, 155637, 5130056, 0.99);
INSERT INTO tracks (id, name, album_id, media_type_id, composer, milliseconds, bytes, unit_price) VALUES (509, 'Com A Perna No Mundo', 41, 1, 'Gonzaga Jr.', 227448, 7747108, 0.99);
INSERT INTO tracks (id, name, album_id, media_type_id, composer, milliseconds, bytes, unit_price) VALUES (510, 'E Vamos À Luta', 41, 1, NULL, 222406, 7585112, 0.99);
INSERT INTO tracks (id, name, album_id, media_type_id, composer, milliseconds, bytes, unit_price) VALUES (511, 'Um Homem Também Chora (Guerreiro Menino)', 41, 1, NULL, 207229, 6854219, 0.99);
INSERT INTO tracks (id, name, album_id, media_type_id, composer, milliseconds, bytes, unit_price) VALUES (512, 'Comportamento Geral', 41, 1, 'Gonzaga Jr', 181577, 5997444, 0.99);
INSERT INTO tracks (id, name, album_id, media_type_id, composer, milliseconds, bytes, unit_price) VALUES (513, 'Ponto De Interrogação', 41, 1, NULL, 180950, 5946265, 0.99);
INSERT INTO tracks (id, name, album_id, media_type_id, composer, milliseconds, bytes, unit_price) VALUES (514, 'Espere Por Mim, Morena', 41, 1, 'Gonzaguinha', 207072, 6796523, 0.99);
INSERT INTO tracks (id, name, album_id, media_type_id, composer, milliseconds, bytes, unit_price) VALUES (515, 'Meia-Lua Inteira', 23, 1, NULL, 222093, 7466288, 0.99);
INSERT INTO tracks (id, name, album_id, media_type_id, composer, milliseconds, bytes, unit_price) VALUES (516, 'Voce e Linda', 23, 1, NULL, 242938, 8050268, 0.99);
INSERT INTO tracks (id, name, album_id, media_type_id, composer, milliseconds, bytes, unit_price) VALUES (517, 'Um Indio', 23, 1, NULL, 195944, 6453213, 0.99);
INSERT INTO tracks (id, name, album_id, media_type_id, composer, milliseconds, bytes, unit_price) VALUES (518, 'Podres Poderes', 23, 1, NULL, 259761, 8622495, 0.99);
INSERT INTO tracks (id, name, album_id, media_type_id, composer, milliseconds, bytes, unit_price) VALUES (519, 'Voce Nao Entende Nada - Cotidiano', 23, 1, NULL, 421982, 13885612, 0.99);
INSERT INTO tracks (id, name, album_id, media_type_id, composer, milliseconds, bytes, unit_price) VALUES (520, 'O Estrangeiro', 23, 1, NULL, 374700, 12472890, 0.99);
INSERT INTO tracks (id, name, album_id, media_type_id, composer, milliseconds, bytes, unit_price) VALUES (521, 'Menino Do Rio', 23, 1, NULL, 147670, 4862277, 0.99);
INSERT INTO tracks (id, name, album_id, media_type_id, composer, milliseconds, bytes, unit_price) VALUES (522, 'Qualquer Coisa', 23, 1, NULL, 193410, 6372433, 0.99);
INSERT INTO tracks (id, name, album_id, media_type_id, composer, milliseconds, bytes, unit_price) VALUES (523, 'Sampa', 23, 1, NULL, 185051, 6151831, 0.99);
INSERT INTO tracks (id, name, album_id, media_type_id, composer, milliseconds, bytes, unit_price) VALUES (524, 'Queixa', 23, 1, NULL, 299676, 9953962, 0.99);
INSERT INTO tracks (id, name, album_id, media_type_id, composer, milliseconds, bytes, unit_price) VALUES (525, 'O Leaozinho', 23, 1, NULL, 184398, 6098150, 0.99);
INSERT INTO tracks (id, name, album_id, media_type_id, composer, milliseconds, bytes, unit_price) VALUES (526, 'Fora Da Ordem', 23, 1, NULL, 354011, 11746781, 0.99);
INSERT INTO tracks (id, name, album_id, media_type_id, composer, milliseconds, bytes, unit_price) VALUES (527, 'Terra', 23, 1, NULL, 401319, 13224055, 0.99);
INSERT INTO tracks (id, name, album_id, media_type_id, composer, milliseconds, bytes, unit_price) VALUES (528, 'Alegria, Alegria', 23, 1, NULL, 169221, 5497025, 0.99);
INSERT INTO tracks (id, name, album_id, media_type_id, composer, milliseconds, bytes, unit_price) VALUES (529, 'Balada Do Louco', 42, 1, 'Arnaldo Baptista - Rita Lee', 241057, 7852328, 0.99);
INSERT INTO tracks (id, name, album_id, media_type_id, composer, milliseconds, bytes, unit_price) VALUES (530, 'Ando Meio Desligado', 42, 1, 'Arnaldo Baptista - Rita Lee -  Sérgio Dias', 287817, 9484504, 0.99);
INSERT INTO tracks (id, name, album_id, media_type_id, composer, milliseconds, bytes, unit_price) VALUES (531, 'Top Top', 42, 1, 'Os Mutantes - Arnolpho Lima Filho', 146938, 4875374, 0.99);
INSERT INTO tracks (id, name, album_id, media_type_id, composer, milliseconds, bytes, unit_price) VALUES (532, 'Baby', 42, 1, 'Caetano Veloso', 177188, 5798202, 0.99);
INSERT INTO tracks (id, name, album_id, media_type_id, composer, milliseconds, bytes, unit_price) VALUES (533, 'A E O Z', 42, 1, 'Mutantes', 518556, 16873005, 0.99);
INSERT INTO tracks (id, name, album_id, media_type_id, composer, milliseconds, bytes, unit_price) VALUES (534, 'Panis Et Circenses', 42, 1, 'Caetano Veloso - Gilberto Gil', 125152, 4069688, 0.99);
INSERT INTO tracks (id, name, album_id, media_type_id, composer, milliseconds, bytes, unit_price) VALUES (535, 'Chão De Estrelas', 42, 1, 'Orestes Barbosa-Sílvio Caldas', 284813, 9433620, 0.99);
INSERT INTO tracks (id, name, album_id, media_type_id, composer, milliseconds, bytes, unit_price) VALUES (536, 'Vida De Cachorro', 42, 1, 'Rita Lee - Arnaldo Baptista - Sérgio Baptista', 195186, 6411149, 0.99);
INSERT INTO tracks (id, name, album_id, media_type_id, composer, milliseconds, bytes, unit_price) VALUES (537, 'Bat Macumba', 42, 1, 'Gilberto Gil - Caetano Veloso', 187794, 6295223, 0.99);
INSERT INTO tracks (id, name, album_id, media_type_id, composer, milliseconds, bytes, unit_price) VALUES (538, 'Desculpe Babe', 42, 1, 'Arnaldo Baptista - Rita Lee', 170422, 5637959, 0.99);
INSERT INTO tracks (id, name, album_id, media_type_id, composer, milliseconds, bytes, unit_price) VALUES (539, 'Rita Lee', 42, 1, 'Arnaldo Baptista/Rita Lee/Sérgio Dias', 189257, 6270503, 0.99);
INSERT INTO tracks (id, name, album_id, media_type_id, composer, milliseconds, bytes, unit_price) VALUES (540, 'Posso Perder Minha Mulher, Minha Mãe, Desde Que Eu Tenha O Rock And Roll', 42, 1, 'Arnaldo Baptista - Rita Lee - Arnolpho Lima Filho', 222955, 7346254, 0.99);
INSERT INTO tracks (id, name, album_id, media_type_id, composer, milliseconds, bytes, unit_price) VALUES (541, 'Banho De Lua', 42, 1, 'B. de Filippi - F. Migliaci - Versão: Fred Jorge', 221831, 7232123, 0.99);
INSERT INTO tracks (id, name, album_id, media_type_id, composer, milliseconds, bytes, unit_price) VALUES (542, 'Meu Refrigerador Não Funciona', 42, 1, 'Arnaldo Baptista - Rita Lee - Sérgio Dias', 382981, 12495906, 0.99);
INSERT INTO tracks (id, name, album_id, media_type_id, composer, milliseconds, bytes, unit_price) VALUES (543, 'Burn', 43, 1, 'Coverdale/Lord/Paice', 453955, 14775708, 0.99);
INSERT INTO tracks (id, name, album_id, media_type_id, composer, milliseconds, bytes, unit_price) VALUES (544, 'Stormbringer', 43, 1, 'Coverdale', 277133, 9050022, 0.99);
INSERT INTO tracks (id, name, album_id, media_type_id, composer, milliseconds, bytes, unit_price) VALUES (545, 'Gypsy', 43, 1, 'Coverdale/Hughes/Lord/Paice', 339173, 11046952, 0.99);
INSERT INTO tracks (id, name, album_id, media_type_id, composer, milliseconds, bytes, unit_price) VALUES (546, 'Lady Double Dealer', 43, 1, 'Coverdale', 233586, 7608759, 0.99);
INSERT INTO tracks (id, name, album_id, media_type_id, composer, milliseconds, bytes, unit_price) VALUES (547, 'Mistreated', 43, 1, 'Coverdale', 758648, 24596235, 0.99);
INSERT INTO tracks (id, name, album_id, media_type_id, composer, milliseconds, bytes, unit_price) VALUES (548, 'Smoke On The Water', 43, 1, 'Gillan/Glover/Lord/Paice', 618031, 20103125, 0.99);
INSERT INTO tracks (id, name, album_id, media_type_id, composer, milliseconds, bytes, unit_price) VALUES (549, 'You Fool No One', 43, 1, 'Coverdale/Lord/Paice', 804101, 26369966, 0.99);
INSERT INTO tracks (id, name, album_id, media_type_id, composer, milliseconds, bytes, unit_price) VALUES (550, 'Custard Pie', 44, 1, 'Jimmy Page/Robert Plant', 253962, 8348257, 0.99);
INSERT INTO tracks (id, name, album_id, media_type_id, composer, milliseconds, bytes, unit_price) VALUES (551, 'The Rover', 44, 1, 'Jimmy Page/Robert Plant', 337084, 11011286, 0.99);
INSERT INTO tracks (id, name, album_id, media_type_id, composer, milliseconds, bytes, unit_price) VALUES (552, 'In My Time Of Dying', 44, 1, 'John Bonham/John Paul Jones', 666017, 21676727, 0.99);
INSERT INTO tracks (id, name, album_id, media_type_id, composer, milliseconds, bytes, unit_price) VALUES (553, 'Houses Of The Holy', 44, 1, 'Jimmy Page/Robert Plant', 242494, 7972503, 0.99);
INSERT INTO tracks (id, name, album_id, media_type_id, composer, milliseconds, bytes, unit_price) VALUES (554, 'Trampled Under Foot', 44, 1, 'John Paul Jones', 336692, 11154468, 0.99);
INSERT INTO tracks (id, name, album_id, media_type_id, composer, milliseconds, bytes, unit_price) VALUES (555, 'Kashmir', 44, 1, 'John Bonham', 508604, 16686580, 0.99);
INSERT INTO tracks (id, name, album_id, media_type_id, composer, milliseconds, bytes, unit_price) VALUES (556, 'Imperatriz', 45, 1, 'Guga/Marquinho Lessa/Tuninho Professor', 339173, 11348710, 0.99);
INSERT INTO tracks (id, name, album_id, media_type_id, composer, milliseconds, bytes, unit_price) VALUES (557, 'Beija-Flor', 45, 1, 'Caruso/Cleber/Deo/Osmar', 327000, 10991159, 0.99);
INSERT INTO tracks (id, name, album_id, media_type_id, composer, milliseconds, bytes, unit_price) VALUES (558, 'Viradouro', 45, 1, 'Dadinho/Gilbreto Gomes/Gustavo/P.C. Portugal/R. Mocoto', 344320, 11484362, 0.99);
INSERT INTO tracks (id, name, album_id, media_type_id, composer, milliseconds, bytes, unit_price) VALUES (559, 'Mocidade', 45, 1, 'Domenil/J. Brito/Joaozinho/Rap, Marcelo Do', 261720, 8817757, 0.99);
INSERT INTO tracks (id, name, album_id, media_type_id, composer, milliseconds, bytes, unit_price) VALUES (560, 'Unidos Da Tijuca', 45, 1, 'Douglas/Neves, Vicente Das/Silva, Gilmar L./Toninho Gentil/Wantuir', 338834, 11440689, 0.99);
INSERT INTO tracks (id, name, album_id, media_type_id, composer, milliseconds, bytes, unit_price) VALUES (561, 'Salgueiro', 45, 1, 'Augusto/Craig Negoescu/Rocco Filho/Saara, Ze Carlos Da', 305920, 10294741, 0.99);
INSERT INTO tracks (id, name, album_id, media_type_id, composer, milliseconds, bytes, unit_price) VALUES (562, 'Mangueira', 45, 1, 'Bizuca/Clóvis Pê/Gilson Bernini/Marelo D''Aguia', 298318, 9999506, 0.99);
INSERT INTO tracks (id, name, album_id, media_type_id, composer, milliseconds, bytes, unit_price) VALUES (563, 'União Da Ilha', 45, 1, 'Dito/Djalma Falcao/Ilha, Almir Da/Márcio André', 330945, 11100945, 0.99);
INSERT INTO tracks (id, name, album_id, media_type_id, composer, milliseconds, bytes, unit_price) VALUES (564, 'Grande Rio', 45, 1, 'Carlos Santos/Ciro/Claudio Russo/Zé Luiz', 307252, 10251428, 0.99);
INSERT INTO tracks (id, name, album_id, media_type_id, composer, milliseconds, bytes, unit_price) VALUES (565, 'Portela', 45, 1, 'Flavio Bororo/Paulo Apparicio/Wagner Alves/Zeca Sereno', 319608, 10712216, 0.99);
INSERT INTO tracks (id, name, album_id, media_type_id, composer, milliseconds, bytes, unit_price) VALUES (566, 'Caprichosos', 45, 1, 'Gule/Jorge 101/Lequinho/Luiz Piao', 351320, 11870956, 0.99);
INSERT INTO tracks (id, name, album_id, media_type_id, composer, milliseconds, bytes, unit_price) VALUES (567, 'Tradição', 45, 1, 'Adalto Magalha/Lourenco', 269165, 9114880, 0.99);
INSERT INTO tracks (id, name, album_id, media_type_id, composer, milliseconds, bytes, unit_price) VALUES (568, 'Império Serrano', 45, 1, 'Arlindo Cruz/Carlos Sena/Elmo Caetano/Mauricao', 334942, 11161196, 0.99);
INSERT INTO tracks (id, name, album_id, media_type_id, composer, milliseconds, bytes, unit_price) VALUES (569, 'Tuiuti', 45, 1, 'Claudio Martins/David Lima/Kleber Rodrigues/Livre, Cesare Som', 259657, 8749492, 0.99);
INSERT INTO tracks (id, name, album_id, media_type_id, composer, milliseconds, bytes, unit_price) VALUES (570, '(Da Le) Yaleo', 46, 1, 'Santana', 353488, 11769507, 0.99);
INSERT INTO tracks (id, name, album_id, media_type_id, composer, milliseconds, bytes, unit_price) VALUES (571, 'Love Of My Life', 46, 1, 'Carlos Santana & Dave Matthews', 347820, 11634337, 0.99);
INSERT INTO tracks (id, name, album_id, media_type_id, composer, milliseconds, bytes, unit_price) VALUES (572, 'Put Your Lights On', 46, 1, 'E. Shrody', 285178, 9394769, 0.99);
INSERT INTO tracks (id, name, album_id, media_type_id, composer, milliseconds, bytes, unit_price) VALUES (573, 'Africa Bamba', 46, 1, 'I. Toure, S. Tidiane Toure, Carlos Santana & K. Perazzo', 282827, 9492487, 0.99);
INSERT INTO tracks (id, name, album_id, media_type_id, composer, milliseconds, bytes, unit_price) VALUES (574, 'Smooth', 46, 1, 'M. Itaal Shur & Rob Thomas', 298161, 9867455, 0.99);
INSERT INTO tracks (id, name, album_id, media_type_id, composer, milliseconds, bytes, unit_price) VALUES (575, 'Do You Like The Way', 46, 1, 'L. Hill', 354899, 11741062, 0.99);
INSERT INTO tracks (id, name, album_id, media_type_id, composer, milliseconds, bytes, unit_price) VALUES (576, 'Maria Maria', 46, 1, 'W. Jean, J. Duplessis, Carlos Santana, K. Perazzo & R. Rekow', 262635, 8664601, 0.99);
INSERT INTO tracks (id, name, album_id, media_type_id, composer, milliseconds, bytes, unit_price) VALUES (577, 'Migra', 46, 1, 'R. Taha, Carlos Santana & T. Lindsay', 329064, 10963305, 0.99);
INSERT INTO tracks (id, name, album_id, media_type_id, composer, milliseconds, bytes, unit_price) VALUES (578, 'Corazon Espinado', 46, 1, 'F. Olivera', 276114, 9206802, 0.99);
INSERT INTO tracks (id, name, album_id, media_type_id, composer, milliseconds, bytes, unit_price) VALUES (579, 'Wishing It Was', 46, 1, 'Eale-Eye Cherry, M. Simpson, J. King & M. Nishita', 292832, 9771348, 0.99);
INSERT INTO tracks (id, name, album_id, media_type_id, composer, milliseconds, bytes, unit_price) VALUES (580, 'El Farol', 46, 1, 'Carlos Santana & KC Porter', 291160, 9599353, 0.99);
INSERT INTO tracks (id, name, album_id, media_type_id, composer, milliseconds, bytes, unit_price) VALUES (581, 'Primavera', 46, 1, 'KC Porter & JB Eckl', 378618, 12504234, 0.99);
INSERT INTO tracks (id, name, album_id, media_type_id, composer, milliseconds, bytes, unit_price) VALUES (582, 'The Calling', 46, 1, 'Carlos Santana & C. Thompson', 747755, 24703884, 0.99);
INSERT INTO tracks (id, name, album_id, media_type_id, composer, milliseconds, bytes, unit_price) VALUES (583, 'Solução', 47, 1, NULL, 247431, 8100449, 0.99);
INSERT INTO tracks (id, name, album_id, media_type_id, composer, milliseconds, bytes, unit_price) VALUES (584, 'Manuel', 47, 1, NULL, 230269, 7677671, 0.99);
INSERT INTO tracks (id, name, album_id, media_type_id, composer, milliseconds, bytes, unit_price) VALUES (585, 'Entre E Ouça', 47, 1, NULL, 286302, 9391004, 0.99);
INSERT INTO tracks (id, name, album_id, media_type_id, composer, milliseconds, bytes, unit_price) VALUES (586, 'Um Contrato Com Deus', 47, 1, NULL, 202501, 6636465, 0.99);
INSERT INTO tracks (id, name, album_id, media_type_id, composer, milliseconds, bytes, unit_price) VALUES (587, 'Um Jantar Pra Dois', 47, 1, NULL, 244009, 8021589, 0.99);
INSERT INTO tracks (id, name, album_id, media_type_id, composer, milliseconds, bytes, unit_price) VALUES (588, 'Vamos Dançar', 47, 1, NULL, 226194, 7617432, 0.99);
INSERT INTO tracks (id, name, album_id, media_type_id, composer, milliseconds, bytes, unit_price) VALUES (589, 'Um Love', 47, 1, NULL, 181603, 6095524, 0.99);
INSERT INTO tracks (id, name, album_id, media_type_id, composer, milliseconds, bytes, unit_price) VALUES (590, 'Seis Da Tarde', 47, 1, NULL, 238445, 7935898, 0.99);
INSERT INTO tracks (id, name, album_id, media_type_id, composer, milliseconds, bytes, unit_price) VALUES (591, 'Baixo Rio', 47, 1, NULL, 198008, 6521676, 0.99);
INSERT INTO tracks (id, name, album_id, media_type_id, composer, milliseconds, bytes, unit_price) VALUES (592, 'Sombras Do Meu Destino', 47, 1, NULL, 280685, 9161539, 0.99);
INSERT INTO tracks (id, name, album_id, media_type_id, composer, milliseconds, bytes, unit_price) VALUES (593, 'Do You Have Other Loves?', 47, 1, NULL, 295235, 9604273, 0.99);
INSERT INTO tracks (id, name, album_id, media_type_id, composer, milliseconds, bytes, unit_price) VALUES (594, 'Agora Que O Dia Acordou', 47, 1, NULL, 323213, 10572752, 0.99);
INSERT INTO tracks (id, name, album_id, media_type_id, composer, milliseconds, bytes, unit_price) VALUES (595, 'Já!!!', 47, 1, NULL, 217782, 7103608, 0.99);
INSERT INTO tracks (id, name, album_id, media_type_id, composer, milliseconds, bytes, unit_price) VALUES (596, 'A Rua', 47, 1, NULL, 238027, 7930264, 0.99);
INSERT INTO tracks (id, name, album_id, media_type_id, composer, milliseconds, bytes, unit_price) VALUES (597, 'Now''s The Time', 48, 1, 'Miles Davis', 197459, 6358868, 0.99);
INSERT INTO tracks (id, name, album_id, media_type_id, composer, milliseconds, bytes, unit_price) VALUES (598, 'Jeru', 48, 1, 'Miles Davis', 193410, 6222536, 0.99);
INSERT INTO tracks (id, name, album_id, media_type_id, composer, milliseconds, bytes, unit_price) VALUES (599, 'Compulsion', 48, 1, 'Miles Davis', 345025, 11254474, 0.99);
INSERT INTO tracks (id, name, album_id, media_type_id, composer, milliseconds, bytes, unit_price) VALUES (600, 'Tempus Fugit', 48, 1, 'Miles Davis', 231784, 7548434, 0.99);
INSERT INTO tracks (id, name, album_id, media_type_id, composer, milliseconds, bytes, unit_price) VALUES (601, 'Walkin''', 48, 1, 'Miles Davis', 807392, 26411634, 0.99);
INSERT INTO tracks (id, name, album_id, media_type_id, composer, milliseconds, bytes, unit_price) VALUES (602, '''Round Midnight', 48, 1, 'Miles Davis', 357459, 11590284, 0.99);
INSERT INTO tracks (id, name, album_id, media_type_id, composer, milliseconds, bytes, unit_price) VALUES (603, 'Bye Bye Blackbird', 48, 1, 'Miles Davis', 476003, 15549224, 0.99);
INSERT INTO tracks (id, name, album_id, media_type_id, composer, milliseconds, bytes, unit_price) VALUES (604, 'New Rhumba', 48, 1, 'Miles Davis', 277968, 9018024, 0.99);
INSERT INTO tracks (id, name, album_id, media_type_id, composer, milliseconds, bytes, unit_price) VALUES (605, 'Generique', 48, 1, 'Miles Davis', 168777, 5437017, 0.99);
INSERT INTO tracks (id, name, album_id, media_type_id, composer, milliseconds, bytes, unit_price) VALUES (606, 'Summertime', 48, 1, 'Miles Davis', 200437, 6461370, 0.99);
INSERT INTO tracks (id, name, album_id, media_type_id, composer, milliseconds, bytes, unit_price) VALUES (607, 'So What', 48, 1, 'Miles Davis', 564009, 18360449, 0.99);
INSERT INTO tracks (id, name, album_id, media_type_id, composer, milliseconds, bytes, unit_price) VALUES (608, 'The Pan Piper', 48, 1, 'Miles Davis', 233769, 7593713, 0.99);
INSERT INTO tracks (id, name, album_id, media_type_id, composer, milliseconds, bytes, unit_price) VALUES (609, 'Someday My Prince Will Come', 48, 1, 'Miles Davis', 544078, 17890773, 0.99);
INSERT INTO tracks (id, name, album_id, media_type_id, composer, milliseconds, bytes, unit_price) VALUES (610, 'My Funny Valentine (Live)', 49, 1, 'Miles Davis', 907520, 29416781, 0.99);
INSERT INTO tracks (id, name, album_id, media_type_id, composer, milliseconds, bytes, unit_price) VALUES (611, 'E.S.P.', 49, 1, 'Miles Davis', 330684, 11079866, 0.99);
INSERT INTO tracks (id, name, album_id, media_type_id, composer, milliseconds, bytes, unit_price) VALUES (612, 'Nefertiti', 49, 1, 'Miles Davis', 473495, 15478450, 0.99);
INSERT INTO tracks (id, name, album_id, media_type_id, composer, milliseconds, bytes, unit_price) VALUES (613, 'Petits Machins (Little Stuff)', 49, 1, 'Miles Davis', 487392, 16131272, 0.99);
INSERT INTO tracks (id, name, album_id, media_type_id, composer, milliseconds, bytes, unit_price) VALUES (614, 'Miles Runs The Voodoo Down', 49, 1, 'Miles Davis', 843964, 27967919, 0.99);
INSERT INTO tracks (id, name, album_id, media_type_id, composer, milliseconds, bytes, unit_price) VALUES (615, 'Little Church (Live)', 49, 1, 'Miles Davis', 196101, 6273225, 0.99);
INSERT INTO tracks (id, name, album_id, media_type_id, composer, milliseconds, bytes, unit_price) VALUES (616, 'Black Satin', 49, 1, 'Miles Davis', 316682, 10529483, 0.99);
INSERT INTO tracks (id, name, album_id, media_type_id, composer, milliseconds, bytes, unit_price) VALUES (617, 'Jean Pierre (Live)', 49, 1, 'Miles Davis', 243461, 7955114, 0.99);
INSERT INTO tracks (id, name, album_id, media_type_id, composer, milliseconds, bytes, unit_price) VALUES (618, 'Time After Time', 49, 1, 'Miles Davis', 220734, 7292197, 0.99);
INSERT INTO tracks (id, name, album_id, media_type_id, composer, milliseconds, bytes, unit_price) VALUES (619, 'Portia', 49, 1, 'Miles Davis', 378775, 12520126, 0.99);
INSERT INTO tracks (id, name, album_id, media_type_id, composer, milliseconds, bytes, unit_price) VALUES (620, 'Space Truckin''', 50, 1, 'Blackmore/Gillan/Glover/Lord/Paice', 1196094, 39267613, 0.99);
INSERT INTO tracks (id, name, album_id, media_type_id, composer, milliseconds, bytes, unit_price) VALUES (621, 'Going Down / Highway Star', 50, 1, 'Gillan/Glover/Lord/Nix - Blackmore/Paice', 913658, 29846063, 0.99);
INSERT INTO tracks (id, name, album_id, media_type_id, composer, milliseconds, bytes, unit_price) VALUES (622, 'Mistreated (Alternate Version)', 50, 1, 'Blackmore/Coverdale', 854700, 27775442, 0.99);
INSERT INTO tracks (id, name, album_id, media_type_id, composer, milliseconds, bytes, unit_price) VALUES (623, 'You Fool No One (Alternate Version)', 50, 1, 'Blackmore/Coverdale/Lord/Paice', 763924, 24887209, 0.99);
INSERT INTO tracks (id, name, album_id, media_type_id, composer, milliseconds, bytes, unit_price) VALUES (624, 'Jeepers Creepers', 51, 1, NULL, 185965, 5991903, 0.99);
INSERT INTO tracks (id, name, album_id, media_type_id, composer, milliseconds, bytes, unit_price) VALUES (625, 'Blue Rythm Fantasy', 51, 1, NULL, 348212, 11204006, 0.99);
INSERT INTO tracks (id, name, album_id, media_type_id, composer, milliseconds, bytes, unit_price) VALUES (626, 'Drum Boogie', 51, 1, NULL, 191555, 6185636, 0.99);
INSERT INTO tracks (id, name, album_id, media_type_id, composer, milliseconds, bytes, unit_price) VALUES (627, 'Let Me Off Uptown', 51, 1, NULL, 187637, 6034685, 0.99);
INSERT INTO tracks (id, name, album_id, media_type_id, composer, milliseconds, bytes, unit_price) VALUES (628, 'Leave Us Leap', 51, 1, NULL, 182726, 5898810, 0.99);
INSERT INTO tracks (id, name, album_id, media_type_id, composer, milliseconds, bytes, unit_price) VALUES (629, 'Opus No.1', 51, 1, NULL, 179800, 5846041, 0.99);
INSERT INTO tracks (id, name, album_id, media_type_id, composer, milliseconds, bytes, unit_price) VALUES (630, 'Boogie Blues', 51, 1, NULL, 204199, 6603153, 0.99);
INSERT INTO tracks (id, name, album_id, media_type_id, composer, milliseconds, bytes, unit_price) VALUES (631, 'How High The Moon', 51, 1, NULL, 201430, 6529487, 0.99);
INSERT INTO tracks (id, name, album_id, media_type_id, composer, milliseconds, bytes, unit_price) VALUES (632, 'Disc Jockey Jump', 51, 1, NULL, 193149, 6260820, 0.99);
INSERT INTO tracks (id, name, album_id, media_type_id, composer, milliseconds, bytes, unit_price) VALUES (633, 'Up An'' Atom', 51, 1, NULL, 179565, 5822645, 0.99);
INSERT INTO tracks (id, name, album_id, media_type_id, composer, milliseconds, bytes, unit_price) VALUES (634, 'Bop Boogie', 51, 1, NULL, 189596, 6093124, 0.99);
INSERT INTO tracks (id, name, album_id, media_type_id, composer, milliseconds, bytes, unit_price) VALUES (635, 'Lemon Drop', 51, 1, NULL, 194089, 6287531, 0.99);
INSERT INTO tracks (id, name, album_id, media_type_id, composer, milliseconds, bytes, unit_price) VALUES (636, 'Coronation Drop', 51, 1, NULL, 176222, 5899898, 0.99);
INSERT INTO tracks (id, name, album_id, media_type_id, composer, milliseconds, bytes, unit_price) VALUES (637, 'Overtime', 51, 1, NULL, 163030, 5432236, 0.99);
INSERT INTO tracks (id, name, album_id, media_type_id, composer, milliseconds, bytes, unit_price) VALUES (638, 'Imagination', 51, 1, NULL, 289306, 9444385, 0.99);
INSERT INTO tracks (id, name, album_id, media_type_id, composer, milliseconds, bytes, unit_price) VALUES (639, 'Don''t Take Your Love From Me', 51, 1, NULL, 282331, 9244238, 0.99);
INSERT INTO tracks (id, name, album_id, media_type_id, composer, milliseconds, bytes, unit_price) VALUES (640, 'Midget', 51, 1, NULL, 217025, 7257663, 0.99);
INSERT INTO tracks (id, name, album_id, media_type_id, composer, milliseconds, bytes, unit_price) VALUES (641, 'I''m Coming Virginia', 51, 1, NULL, 280163, 9209827, 0.99);
INSERT INTO tracks (id, name, album_id, media_type_id, composer, milliseconds, bytes, unit_price) VALUES (642, 'Payin'' Them Dues Blues', 51, 1, NULL, 198556, 6536918, 0.99);
INSERT INTO tracks (id, name, album_id, media_type_id, composer, milliseconds, bytes, unit_price) VALUES (643, 'Jungle Drums', 51, 1, NULL, 199627, 6546063, 0.99);
INSERT INTO tracks (id, name, album_id, media_type_id, composer, milliseconds, bytes, unit_price) VALUES (644, 'Showcase', 51, 1, NULL, 201560, 6697510, 0.99);
INSERT INTO tracks (id, name, album_id, media_type_id, composer, milliseconds, bytes, unit_price) VALUES (645, 'Swedish Schnapps', 51, 1, NULL, 191268, 6359750, 0.99);
INSERT INTO tracks (id, name, album_id, media_type_id, composer, milliseconds, bytes, unit_price) VALUES (661, 'Linha de Passe (João Bosco)', 53, 1, NULL, 230948, 7902328, 0.99);
INSERT INTO tracks (id, name, album_id, media_type_id, composer, milliseconds, bytes, unit_price) VALUES (662, 'Pela Luz dos Olhos Teus (Miúcha e Tom Jobim)', 53, 1, NULL, 163970, 5399626, 0.99);
INSERT INTO tracks (id, name, album_id, media_type_id, composer, milliseconds, bytes, unit_price) VALUES (663, 'Chão de Giz (Elba Ramalho)', 53, 1, NULL, 274834, 9016916, 0.99);
INSERT INTO tracks (id, name, album_id, media_type_id, composer, milliseconds, bytes, unit_price) VALUES (664, 'Marina (Dorival Caymmi)', 53, 1, NULL, 172643, 5523628, 0.99);
INSERT INTO tracks (id, name, album_id, media_type_id, composer, milliseconds, bytes, unit_price) VALUES (665, 'Aquarela (Toquinho)', 53, 1, NULL, 259944, 8480140, 0.99);
INSERT INTO tracks (id, name, album_id, media_type_id, composer, milliseconds, bytes, unit_price) VALUES (666, 'Coração do Agreste (Fafá de Belém)', 53, 1, NULL, 258194, 8380320, 0.99);
INSERT INTO tracks (id, name, album_id, media_type_id, composer, milliseconds, bytes, unit_price) VALUES (667, 'Dona (Roupa Nova)', 53, 1, NULL, 243356, 7991295, 0.99);
INSERT INTO tracks (id, name, album_id, media_type_id, composer, milliseconds, bytes, unit_price) VALUES (668, 'Começaria Tudo Outra Vez (Maria Creuza)', 53, 1, NULL, 206994, 6851151, 0.99);
INSERT INTO tracks (id, name, album_id, media_type_id, composer, milliseconds, bytes, unit_price) VALUES (669, 'Caçador de Mim (Sá & Guarabyra)', 53, 1, NULL, 238341, 7751360, 0.99);
INSERT INTO tracks (id, name, album_id, media_type_id, composer, milliseconds, bytes, unit_price) VALUES (670, 'Romaria (Renato Teixeira)', 53, 1, NULL, 244793, 8033885, 0.99);
INSERT INTO tracks (id, name, album_id, media_type_id, composer, milliseconds, bytes, unit_price) VALUES (671, 'As Rosas Não Falam (Beth Carvalho)', 53, 1, NULL, 116767, 3836641, 0.99);
INSERT INTO tracks (id, name, album_id, media_type_id, composer, milliseconds, bytes, unit_price) VALUES (672, 'Wave (Os Cariocas)', 53, 1, NULL, 130063, 4298006, 0.99);
INSERT INTO tracks (id, name, album_id, media_type_id, composer, milliseconds, bytes, unit_price) VALUES (673, 'Garota de Ipanema (Dick Farney)', 53, 1, NULL, 174367, 5767474, 0.99);
INSERT INTO tracks (id, name, album_id, media_type_id, composer, milliseconds, bytes, unit_price) VALUES (674, 'Preciso Apender a Viver Só (Maysa)', 53, 1, NULL, 143464, 4642359, 0.99);
INSERT INTO tracks (id, name, album_id, media_type_id, composer, milliseconds, bytes, unit_price) VALUES (675, 'Susie Q', 54, 1, 'Hawkins-Lewis-Broadwater', 275565, 9043825, 0.99);
INSERT INTO tracks (id, name, album_id, media_type_id, composer, milliseconds, bytes, unit_price) VALUES (676, 'I Put A Spell On You', 54, 1, 'Jay Hawkins', 272091, 8943000, 0.99);
INSERT INTO tracks (id, name, album_id, media_type_id, composer, milliseconds, bytes, unit_price) VALUES (677, 'Proud Mary', 54, 1, 'J. C. Fogerty', 189022, 6229590, 0.99);
INSERT INTO tracks (id, name, album_id, media_type_id, composer, milliseconds, bytes, unit_price) VALUES (678, 'Bad Moon Rising', 54, 1, 'J. C. Fogerty', 140146, 4609835, 0.99);
INSERT INTO tracks (id, name, album_id, media_type_id, composer, milliseconds, bytes, unit_price) VALUES (679, 'Lodi', 54, 1, 'J. C. Fogerty', 191451, 6260214, 0.99);
INSERT INTO tracks (id, name, album_id, media_type_id, composer, milliseconds, bytes, unit_price) VALUES (680, 'Green River', 54, 1, 'J. C. Fogerty', 154279, 5105874, 0.99);
INSERT INTO tracks (id, name, album_id, media_type_id, composer, milliseconds, bytes, unit_price) VALUES (681, 'Commotion', 54, 1, 'J. C. Fogerty', 162899, 5354252, 0.99);
INSERT INTO tracks (id, name, album_id, media_type_id, composer, milliseconds, bytes, unit_price) VALUES (682, 'Down On The Corner', 54, 1, 'J. C. Fogerty', 164858, 5521804, 0.99);
INSERT INTO tracks (id, name, album_id, media_type_id, composer, milliseconds, bytes, unit_price) VALUES (683, 'Fortunate Son', 54, 1, 'J. C. Fogerty', 140329, 4617559, 0.99);
INSERT INTO tracks (id, name, album_id, media_type_id, composer, milliseconds, bytes, unit_price) VALUES (684, 'Travelin'' Band', 54, 1, 'J. C. Fogerty', 129358, 4270414, 0.99);
INSERT INTO tracks (id, name, album_id, media_type_id, composer, milliseconds, bytes, unit_price) VALUES (685, 'Who''ll Stop The Rain', 54, 1, 'J. C. Fogerty', 149394, 4899579, 0.99);
INSERT INTO tracks (id, name, album_id, media_type_id, composer, milliseconds, bytes, unit_price) VALUES (686, 'Up Around The Bend', 54, 1, 'J. C. Fogerty', 162429, 5368701, 0.99);
INSERT INTO tracks (id, name, album_id, media_type_id, composer, milliseconds, bytes, unit_price) VALUES (687, 'Run Through The Jungle', 54, 1, 'J. C. Fogerty', 186044, 6156567, 0.99);
INSERT INTO tracks (id, name, album_id, media_type_id, composer, milliseconds, bytes, unit_price) VALUES (688, 'Lookin'' Out My Back Door', 54, 1, 'J. C. Fogerty', 152946, 5034670, 0.99);
INSERT INTO tracks (id, name, album_id, media_type_id, composer, milliseconds, bytes, unit_price) VALUES (689, 'Long As I Can See The Light', 54, 1, 'J. C. Fogerty', 213237, 6924024, 0.99);
INSERT INTO tracks (id, name, album_id, media_type_id, composer, milliseconds, bytes, unit_price) VALUES (690, 'I Heard It Through The Grapevine', 54, 1, 'Whitfield-Strong', 664894, 21947845, 0.99);
INSERT INTO tracks (id, name, album_id, media_type_id, composer, milliseconds, bytes, unit_price) VALUES (691, 'Have You Ever Seen The Rain?', 54, 1, 'J. C. Fogerty', 160052, 5263675, 0.99);
INSERT INTO tracks (id, name, album_id, media_type_id, composer, milliseconds, bytes, unit_price) VALUES (692, 'Hey Tonight', 54, 1, 'J. C. Fogerty', 162847, 5343807, 0.99);
INSERT INTO tracks (id, name, album_id, media_type_id, composer, milliseconds, bytes, unit_price) VALUES (693, 'Sweet Hitch-Hiker', 54, 1, 'J. C. Fogerty', 175490, 5716603, 0.99);
INSERT INTO tracks (id, name, album_id, media_type_id, composer, milliseconds, bytes, unit_price) VALUES (694, 'Someday Never Comes', 54, 1, 'J. C. Fogerty', 239360, 7945235, 0.99);
INSERT INTO tracks (id, name, album_id, media_type_id, composer, milliseconds, bytes, unit_price) VALUES (695, 'Walking On The Water', 55, 1, 'J.C. Fogerty', 281286, 9302129, 0.99);
INSERT INTO tracks (id, name, album_id, media_type_id, composer, milliseconds, bytes, unit_price) VALUES (696, 'Suzie-Q, Pt. 2', 55, 1, 'J.C. Fogerty', 244114, 7986637, 0.99);
INSERT INTO tracks (id, name, album_id, media_type_id, composer, milliseconds, bytes, unit_price) VALUES (697, 'Born On The Bayou', 55, 1, 'J.C. Fogerty', 316630, 10361866, 0.99);
INSERT INTO tracks (id, name, album_id, media_type_id, composer, milliseconds, bytes, unit_price) VALUES (698, 'Good Golly Miss Molly', 55, 1, 'J.C. Fogerty', 163604, 5348175, 0.99);
INSERT INTO tracks (id, name, album_id, media_type_id, composer, milliseconds, bytes, unit_price) VALUES (699, 'Tombstone Shadow', 55, 1, 'J.C. Fogerty', 218880, 7209080, 0.99);
INSERT INTO tracks (id, name, album_id, media_type_id, composer, milliseconds, bytes, unit_price) VALUES (700, 'Wrote A Song For Everyone', 55, 1, 'J.C. Fogerty', 296385, 9675875, 0.99);
INSERT INTO tracks (id, name, album_id, media_type_id, composer, milliseconds, bytes, unit_price) VALUES (701, 'Night Time Is The Right Time', 55, 1, 'J.C. Fogerty', 190119, 6211173, 0.99);
INSERT INTO tracks (id, name, album_id, media_type_id, composer, milliseconds, bytes, unit_price) VALUES (702, 'Cotton Fields', 55, 1, 'J.C. Fogerty', 178181, 5919224, 0.99);
INSERT INTO tracks (id, name, album_id, media_type_id, composer, milliseconds, bytes, unit_price) VALUES (703, 'It Came Out Of The Sky', 55, 1, 'J.C. Fogerty', 176718, 5807474, 0.99);
INSERT INTO tracks (id, name, album_id, media_type_id, composer, milliseconds, bytes, unit_price) VALUES (704, 'Don''t Look Now', 55, 1, 'J.C. Fogerty', 131918, 4366455, 0.99);
INSERT INTO tracks (id, name, album_id, media_type_id, composer, milliseconds, bytes, unit_price) VALUES (705, 'The Midnight Special', 55, 1, 'J.C. Fogerty', 253596, 8297482, 0.99);
INSERT INTO tracks (id, name, album_id, media_type_id, composer, milliseconds, bytes, unit_price) VALUES (706, 'Before You Accuse Me', 55, 1, 'J.C. Fogerty', 207804, 6815126, 0.99);
INSERT INTO tracks (id, name, album_id, media_type_id, composer, milliseconds, bytes, unit_price) VALUES (707, 'My Baby Left Me', 55, 1, 'J.C. Fogerty', 140460, 4633440, 0.99);
INSERT INTO tracks (id, name, album_id, media_type_id, composer, milliseconds, bytes, unit_price) VALUES (708, 'Pagan Baby', 55, 1, 'J.C. Fogerty', 385619, 12713813, 0.99);
INSERT INTO tracks (id, name, album_id, media_type_id, composer, milliseconds, bytes, unit_price) VALUES (709, '(Wish I Could) Hideaway', 55, 1, 'J.C. Fogerty', 228466, 7432978, 0.99);
INSERT INTO tracks (id, name, album_id, media_type_id, composer, milliseconds, bytes, unit_price) VALUES (710, 'It''s Just A Thought', 55, 1, 'J.C. Fogerty', 237374, 7778319, 0.99);
INSERT INTO tracks (id, name, album_id, media_type_id, composer, milliseconds, bytes, unit_price) VALUES (711, 'Molina', 55, 1, 'J.C. Fogerty', 163239, 5390811, 0.99);
INSERT INTO tracks (id, name, album_id, media_type_id, composer, milliseconds, bytes, unit_price) VALUES (712, 'Born To Move', 55, 1, 'J.C. Fogerty', 342804, 11260814, 0.99);
INSERT INTO tracks (id, name, album_id, media_type_id, composer, milliseconds, bytes, unit_price) VALUES (713, 'Lookin'' For A Reason', 55, 1, 'J.C. Fogerty', 209789, 6933135, 0.99);
INSERT INTO tracks (id, name, album_id, media_type_id, composer, milliseconds, bytes, unit_price) VALUES (714, 'Hello Mary Lou', 55, 1, 'J.C. Fogerty', 132832, 4476563, 0.99);
INSERT INTO tracks (id, name, album_id, media_type_id, composer, milliseconds, bytes, unit_price) VALUES (715, 'Gatas Extraordinárias', 56, 1, NULL, 212506, 7095702, 0.99);
INSERT INTO tracks (id, name, album_id, media_type_id, composer, milliseconds, bytes, unit_price) VALUES (716, 'Brasil', 56, 1, NULL, 243696, 7911683, 0.99);
INSERT INTO tracks (id, name, album_id, media_type_id, composer, milliseconds, bytes, unit_price) VALUES (717, 'Eu Sou Neguinha (Ao Vivo)', 56, 1, NULL, 251768, 8376000, 0.99);
INSERT INTO tracks (id, name, album_id, media_type_id, composer, milliseconds, bytes, unit_price) VALUES (718, 'Geração Coca-Cola (Ao Vivo)', 56, 1, NULL, 228153, 7573301, 0.99);
INSERT INTO tracks (id, name, album_id, media_type_id, composer, milliseconds, bytes, unit_price) VALUES (719, 'Lanterna Dos Afogados', 56, 1, NULL, 204538, 6714582, 0.99);
INSERT INTO tracks (id, name, album_id, media_type_id, composer, milliseconds, bytes, unit_price) VALUES (720, 'Coroné Antonio Bento', 56, 1, NULL, 200437, 6713066, 0.99);
INSERT INTO tracks (id, name, album_id, media_type_id, composer, milliseconds, bytes, unit_price) VALUES (721, 'Você Passa, Eu Acho Graça (Ao Vivo)', 56, 1, NULL, 206733, 6943576, 0.99);
INSERT INTO tracks (id, name, album_id, media_type_id, composer, milliseconds, bytes, unit_price) VALUES (722, 'Meu Mundo Fica Completo (Com Você)', 56, 1, NULL, 247771, 8322240, 0.99);
INSERT INTO tracks (id, name, album_id, media_type_id, composer, milliseconds, bytes, unit_price) VALUES (723, '1° De Julho', 56, 1, NULL, 270262, 9017535, 0.99);
INSERT INTO tracks (id, name, album_id, media_type_id, composer, milliseconds, bytes, unit_price) VALUES (724, 'Música Urbana 2', 56, 1, NULL, 194899, 6383472, 0.99);
INSERT INTO tracks (id, name, album_id, media_type_id, composer, milliseconds, bytes, unit_price) VALUES (725, 'Vida Bandida (Ao Vivo)', 56, 1, NULL, 192626, 6360785, 0.99);
INSERT INTO tracks (id, name, album_id, media_type_id, composer, milliseconds, bytes, unit_price) VALUES (726, 'Palavras Ao Vento', 56, 1, NULL, 212453, 7048676, 0.99);
INSERT INTO tracks (id, name, album_id, media_type_id, composer, milliseconds, bytes, unit_price) VALUES (727, 'Não Sei O Que Eu Quero Da Vida', 56, 1, NULL, 151849, 5024963, 0.99);
INSERT INTO tracks (id, name, album_id, media_type_id, composer, milliseconds, bytes, unit_price) VALUES (728, 'Woman Is The Nigger Of The World (Ao Vivo)', 56, 1, NULL, 298919, 9724145, 0.99);
INSERT INTO tracks (id, name, album_id, media_type_id, composer, milliseconds, bytes, unit_price) VALUES (729, 'Juventude Transviada (Ao Vivo)', 56, 1, NULL, 278622, 9183808, 0.99);
INSERT INTO tracks (id, name, album_id, media_type_id, composer, milliseconds, bytes, unit_price) VALUES (730, 'Malandragem', 57, 1, NULL, 247588, 8165048, 0.99);
INSERT INTO tracks (id, name, album_id, media_type_id, composer, milliseconds, bytes, unit_price) VALUES (731, 'O Segundo Sol', 57, 1, NULL, 252133, 8335629, 0.99);
INSERT INTO tracks (id, name, album_id, media_type_id, composer, milliseconds, bytes, unit_price) VALUES (732, 'Smells Like Teen Spirit (Ao Vivo)', 57, 1, NULL, 316865, 10384506, 0.99);
INSERT INTO tracks (id, name, album_id, media_type_id, composer, milliseconds, bytes, unit_price) VALUES (733, 'E.C.T.', 57, 1, NULL, 227500, 7571834, 0.99);
INSERT INTO tracks (id, name, album_id, media_type_id, composer, milliseconds, bytes, unit_price) VALUES (734, 'Todo Amor Que Houver Nesta Vida', 57, 1, NULL, 227160, 7420347, 0.99);
INSERT INTO tracks (id, name, album_id, media_type_id, composer, milliseconds, bytes, unit_price) VALUES (735, 'Metrô. Linha 743', 57, 1, NULL, 174654, 5837495, 0.99);
INSERT INTO tracks (id, name, album_id, media_type_id, composer, milliseconds, bytes, unit_price) VALUES (736, 'Nós (Ao Vivo)', 57, 1, NULL, 193828, 6498661, 0.99);
INSERT INTO tracks (id, name, album_id, media_type_id, composer, milliseconds, bytes, unit_price) VALUES (737, 'Na Cadência Do Samba', 57, 1, NULL, 196075, 6483952, 0.99);
INSERT INTO tracks (id, name, album_id, media_type_id, composer, milliseconds, bytes, unit_price) VALUES (738, 'Admirável Gado Novo', 57, 1, NULL, 274390, 9144031, 0.99);
INSERT INTO tracks (id, name, album_id, media_type_id, composer, milliseconds, bytes, unit_price) VALUES (739, 'Eleanor Rigby', 57, 1, NULL, 189466, 6303205, 0.99);
INSERT INTO tracks (id, name, album_id, media_type_id, composer, milliseconds, bytes, unit_price) VALUES (740, 'Socorro', 57, 1, NULL, 258586, 8549393, 0.99);
INSERT INTO tracks (id, name, album_id, media_type_id, composer, milliseconds, bytes, unit_price) VALUES (741, 'Blues Da Piedade', 57, 1, NULL, 257123, 8472964, 0.99);
INSERT INTO tracks (id, name, album_id, media_type_id, composer, milliseconds, bytes, unit_price) VALUES (742, 'Rubens', 57, 1, NULL, 211853, 7026317, 0.99);
INSERT INTO tracks (id, name, album_id, media_type_id, composer, milliseconds, bytes, unit_price) VALUES (743, 'Não Deixe O Samba Morrer - Cassia Eller e Alcione', 57, 1, NULL, 268173, 8936345, 0.99);
INSERT INTO tracks (id, name, album_id, media_type_id, composer, milliseconds, bytes, unit_price) VALUES (744, 'Mis Penas Lloraba Yo (Ao Vivo) Soy Gitano (Tangos)', 57, 1, NULL, 188473, 6195854, 0.99);
INSERT INTO tracks (id, name, album_id, media_type_id, composer, milliseconds, bytes, unit_price) VALUES (745, 'Comin'' Home', 58, 1, 'Bolin/Coverdale/Paice', 235781, 7644604, 0.99);
INSERT INTO tracks (id, name, album_id, media_type_id, composer, milliseconds, bytes, unit_price) VALUES (746, 'Lady Luck', 58, 1, 'Cook/Coverdale', 168202, 5501379, 0.99);
INSERT INTO tracks (id, name, album_id, media_type_id, composer, milliseconds, bytes, unit_price) VALUES (747, 'Gettin'' Tighter', 58, 1, 'Bolin/Hughes', 218044, 7176909, 0.99);
INSERT INTO tracks (id, name, album_id, media_type_id, composer, milliseconds, bytes, unit_price) VALUES (748, 'Dealer', 58, 1, 'Bolin/Coverdale', 230922, 7591066, 0.99);
INSERT INTO tracks (id, name, album_id, media_type_id, composer, milliseconds, bytes, unit_price) VALUES (749, 'I Need Love', 58, 1, 'Bolin/Coverdale', 263836, 8701064, 0.99);
INSERT INTO tracks (id, name, album_id, media_type_id, composer, milliseconds, bytes, unit_price) VALUES (750, 'Drifter', 58, 1, 'Bolin/Coverdale', 242834, 8001505, 0.99);
INSERT INTO tracks (id, name, album_id, media_type_id, composer, milliseconds, bytes, unit_price) VALUES (751, 'Love Child', 58, 1, 'Bolin/Coverdale', 188160, 6173806, 0.99);
INSERT INTO tracks (id, name, album_id, media_type_id, composer, milliseconds, bytes, unit_price) VALUES (752, 'This Time Around / Owed to ''G'' instrumental', 58, 1, 'Bolin/Hughes/Lord', 370102, 11995679, 0.99);
INSERT INTO tracks (id, name, album_id, media_type_id, composer, milliseconds, bytes, unit_price) VALUES (753, 'You Keep On Moving', 58, 1, 'Coverdale/Hughes', 319111, 10447868, 0.99);
INSERT INTO tracks (id, name, album_id, media_type_id, composer, milliseconds, bytes, unit_price) VALUES (754, 'Speed King', 59, 1, 'Blackmore, Gillan, Glover, Lord, Paice', 264385, 8587578, 0.99);
INSERT INTO tracks (id, name, album_id, media_type_id, composer, milliseconds, bytes, unit_price) VALUES (755, 'Bloodsucker', 59, 1, 'Blackmore, Gillan, Glover, Lord, Paice', 256261, 8344405, 0.99);
INSERT INTO tracks (id, name, album_id, media_type_id, composer, milliseconds, bytes, unit_price) VALUES (756, 'Child In Time', 59, 1, 'Blackmore, Gillan, Glover, Lord, Paice', 620460, 20230089, 0.99);
INSERT INTO tracks (id, name, album_id, media_type_id, composer, milliseconds, bytes, unit_price) VALUES (757, 'Flight Of The Rat', 59, 1, 'Blackmore, Gillan, Glover, Lord, Paice', 478302, 15563967, 0.99);
INSERT INTO tracks (id, name, album_id, media_type_id, composer, milliseconds, bytes, unit_price) VALUES (758, 'Into The Fire', 59, 1, 'Blackmore, Gillan, Glover, Lord, Paice', 210259, 6849310, 0.99);
INSERT INTO tracks (id, name, album_id, media_type_id, composer, milliseconds, bytes, unit_price) VALUES (759, 'Living Wreck', 59, 1, 'Blackmore, Gillan, Glover, Lord, Paice', 274886, 8993056, 0.99);
INSERT INTO tracks (id, name, album_id, media_type_id, composer, milliseconds, bytes, unit_price) VALUES (760, 'Hard Lovin'' Man', 59, 1, 'Blackmore, Gillan, Glover, Lord, Paice', 431203, 13931179, 0.99);
INSERT INTO tracks (id, name, album_id, media_type_id, composer, milliseconds, bytes, unit_price) VALUES (761, 'Fireball', 60, 1, 'Ritchie Blackmore, Ian Gillan, Roger Glover, Jon Lord, Ian Paice', 204721, 6714807, 0.99);
INSERT INTO tracks (id, name, album_id, media_type_id, composer, milliseconds, bytes, unit_price) VALUES (762, 'No No No', 60, 1, 'Ritchie Blackmore, Ian Gillan, Roger Glover, Jon Lord, Ian Paice', 414902, 13646606, 0.99);
INSERT INTO tracks (id, name, album_id, media_type_id, composer, milliseconds, bytes, unit_price) VALUES (763, 'Strange Kind Of Woman', 60, 1, 'Ritchie Blackmore, Ian Gillan, Roger Glover, Jon Lord, Ian Paice', 247092, 8072036, 0.99);
INSERT INTO tracks (id, name, album_id, media_type_id, composer, milliseconds, bytes, unit_price) VALUES (764, 'Anyone''s Daughter', 60, 1, 'Ritchie Blackmore, Ian Gillan, Roger Glover, Jon Lord, Ian Paice', 284682, 9354480, 0.99);
INSERT INTO tracks (id, name, album_id, media_type_id, composer, milliseconds, bytes, unit_price) VALUES (765, 'The Mule', 60, 1, 'Ritchie Blackmore, Ian Gillan, Roger Glover, Jon Lord, Ian Paice', 322063, 10638390, 0.99);
INSERT INTO tracks (id, name, album_id, media_type_id, composer, milliseconds, bytes, unit_price) VALUES (766, 'Fools', 60, 1, 'Ritchie Blackmore, Ian Gillan, Roger Glover, Jon Lord, Ian Paice', 500427, 16279366, 0.99);
INSERT INTO tracks (id, name, album_id, media_type_id, composer, milliseconds, bytes, unit_price) VALUES (767, 'No One Came', 60, 1, 'Ritchie Blackmore, Ian Gillan, Roger Glover, Jon Lord, Ian Paice', 385880, 12643813, 0.99);
INSERT INTO tracks (id, name, album_id, media_type_id, composer, milliseconds, bytes, unit_price) VALUES (768, 'Knocking At Your Back Door', 61, 1, 'Richie Blackmore, Ian Gillian, Roger Glover', 424829, 13779332, 0.99);
INSERT INTO tracks (id, name, album_id, media_type_id, composer, milliseconds, bytes, unit_price) VALUES (769, 'Bad Attitude', 61, 1, 'Richie Blackmore, Ian Gillian, Roger Glover, Jon Lord', 307905, 10035180, 0.99);
INSERT INTO tracks (id, name, album_id, media_type_id, composer, milliseconds, bytes, unit_price) VALUES (770, 'Child In Time (Son Of Aleric - Instrumental)', 61, 1, 'Richie Blackmore, Ian Gillian, Roger Glover, Jon Lord, Ian Paice', 602880, 19712753, 0.99);
INSERT INTO tracks (id, name, album_id, media_type_id, composer, milliseconds, bytes, unit_price) VALUES (771, 'Nobody''s Home', 61, 1, 'Richie Blackmore, Ian Gillian, Roger Glover, Jon Lord, Ian Paice', 243017, 7929493, 0.99);
INSERT INTO tracks (id, name, album_id, media_type_id, composer, milliseconds, bytes, unit_price) VALUES (772, 'Black Night', 61, 1, 'Richie Blackmore, Ian Gillian, Roger Glover, Jon Lord, Ian Paice', 368770, 12058906, 0.99);
INSERT INTO tracks (id, name, album_id, media_type_id, composer, milliseconds, bytes, unit_price) VALUES (773, 'Perfect Strangers', 61, 1, 'Richie Blackmore, Ian Gillian, Roger Glover', 321149, 10445353, 0.99);
INSERT INTO tracks (id, name, album_id, media_type_id, composer, milliseconds, bytes, unit_price) VALUES (774, 'The Unwritten Law', 61, 1, 'Richie Blackmore, Ian Gillian, Roger Glover, Ian Paice', 295053, 9740361, 0.99);
INSERT INTO tracks (id, name, album_id, media_type_id, composer, milliseconds, bytes, unit_price) VALUES (775, 'Call Of The Wild', 61, 1, 'Richie Blackmore, Ian Gillian, Roger Glover, Jon Lord', 293851, 9575295, 0.99);
INSERT INTO tracks (id, name, album_id, media_type_id, composer, milliseconds, bytes, unit_price) VALUES (776, 'Hush', 61, 1, 'South', 213054, 6944928, 0.99);
INSERT INTO tracks (id, name, album_id, media_type_id, composer, milliseconds, bytes, unit_price) VALUES (777, 'Smoke On The Water', 61, 1, 'Richie Blackmore, Ian Gillian, Roger Glover, Jon Lord, Ian Paice', 464378, 15180849, 0.99);
INSERT INTO tracks (id, name, album_id, media_type_id, composer, milliseconds, bytes, unit_price) VALUES (778, 'Space Trucking', 61, 1, 'Richie Blackmore, Ian Gillian, Roger Glover, Jon Lord, Ian Paice', 341185, 11122183, 0.99);
INSERT INTO tracks (id, name, album_id, media_type_id, composer, milliseconds, bytes, unit_price) VALUES (779, 'Highway Star', 62, 1, 'Ian Gillan/Ian Paice/Jon Lord/Ritchie Blckmore/Roger Glover', 368770, 12012452, 0.99);
INSERT INTO tracks (id, name, album_id, media_type_id, composer, milliseconds, bytes, unit_price) VALUES (780, 'Maybe I''m A Leo', 62, 1, 'Ian Gillan/Ian Paice/Jon Lord/Ritchie Blckmore/Roger Glover', 290455, 9502646, 0.99);
INSERT INTO tracks (id, name, album_id, media_type_id, composer, milliseconds, bytes, unit_price) VALUES (781, 'Pictures Of Home', 62, 1, 'Ian Gillan/Ian Paice/Jon Lord/Ritchie Blckmore/Roger Glover', 303777, 9903835, 0.99);
INSERT INTO tracks (id, name, album_id, media_type_id, composer, milliseconds, bytes, unit_price) VALUES (782, 'Never Before', 62, 1, 'Ian Gillan/Ian Paice/Jon Lord/Ritchie Blckmore/Roger Glover', 239830, 7832790, 0.99);
INSERT INTO tracks (id, name, album_id, media_type_id, composer, milliseconds, bytes, unit_price) VALUES (783, 'Smoke On The Water', 62, 1, 'Ian Gillan/Ian Paice/Jon Lord/Ritchie Blckmore/Roger Glover', 340871, 11246496, 0.99);
INSERT INTO tracks (id, name, album_id, media_type_id, composer, milliseconds, bytes, unit_price) VALUES (784, 'Lazy', 62, 1, 'Ian Gillan/Ian Paice/Jon Lord/Ritchie Blckmore/Roger Glover', 442096, 14397671, 0.99);
INSERT INTO tracks (id, name, album_id, media_type_id, composer, milliseconds, bytes, unit_price) VALUES (785, 'Space Truckin''', 62, 1, 'Ian Gillan/Ian Paice/Jon Lord/Ritchie Blckmore/Roger Glover', 272796, 8981030, 0.99);
INSERT INTO tracks (id, name, album_id, media_type_id, composer, milliseconds, bytes, unit_price) VALUES (786, 'Vavoom : Ted The Mechanic', 63, 1, 'Ian Gillan, Roger Glover, Jon Lord, Steve Morse, Ian Paice', 257384, 8510755, 0.99);
INSERT INTO tracks (id, name, album_id, media_type_id, composer, milliseconds, bytes, unit_price) VALUES (787, 'Loosen My Strings', 63, 1, 'Ian Gillan, Roger Glover, Jon Lord, Steve Morse, Ian Paice', 359680, 11702232, 0.99);
INSERT INTO tracks (id, name, album_id, media_type_id, composer, milliseconds, bytes, unit_price) VALUES (788, 'Soon Forgotten', 63, 1, 'Ian Gillan, Roger Glover, Jon Lord, Steve Morse, Ian Paice', 287791, 9401383, 0.99);
INSERT INTO tracks (id, name, album_id, media_type_id, composer, milliseconds, bytes, unit_price) VALUES (789, 'Sometimes I Feel Like Screaming', 63, 1, 'Ian Gillan, Roger Glover, Jon Lord, Steve Morse, Ian Paice', 451840, 14789410, 0.99);
INSERT INTO tracks (id, name, album_id, media_type_id, composer, milliseconds, bytes, unit_price) VALUES (790, 'Cascades : I''m Not Your Lover', 63, 1, 'Ian Gillan, Roger Glover, Jon Lord, Steve Morse, Ian Paice', 283689, 9209693, 0.99);
INSERT INTO tracks (id, name, album_id, media_type_id, composer, milliseconds, bytes, unit_price) VALUES (791, 'The Aviator', 63, 1, 'Ian Gillan, Roger Glover, Jon Lord, Steve Morse, Ian Paice', 320992, 10532053, 0.99);
INSERT INTO tracks (id, name, album_id, media_type_id, composer, milliseconds, bytes, unit_price) VALUES (792, 'Rosa''s Cantina', 63, 1, 'Ian Gillan, Roger Glover, Jon Lord, Steve Morse, Ian Paice', 312372, 10323804, 0.99);
INSERT INTO tracks (id, name, album_id, media_type_id, composer, milliseconds, bytes, unit_price) VALUES (793, 'A Castle Full Of Rascals', 63, 1, 'Ian Gillan, Roger Glover, Jon Lord, Steve Morse, Ian Paice', 311693, 10159566, 0.99);
INSERT INTO tracks (id, name, album_id, media_type_id, composer, milliseconds, bytes, unit_price) VALUES (794, 'A Touch Away', 63, 1, 'Ian Gillan, Roger Glover, Jon Lord, Steve Morse, Ian Paice', 276323, 9098561, 0.99);
INSERT INTO tracks (id, name, album_id, media_type_id, composer, milliseconds, bytes, unit_price) VALUES (795, 'Hey Cisco', 63, 1, 'Ian Gillan, Roger Glover, Jon Lord, Steve Morse, Ian Paice', 354089, 11600029, 0.99);
INSERT INTO tracks (id, name, album_id, media_type_id, composer, milliseconds, bytes, unit_price) VALUES (796, 'Somebody Stole My Guitar', 63, 1, 'Ian Gillan, Roger Glover, Jon Lord, Steve Morse, Ian Paice', 249443, 8180421, 0.99);
INSERT INTO tracks (id, name, album_id, media_type_id, composer, milliseconds, bytes, unit_price) VALUES (797, 'The Purpendicular Waltz', 63, 1, 'Ian Gillan, Roger Glover, Jon Lord, Steve Morse, Ian Paice', 283924, 9299131, 0.99);
INSERT INTO tracks (id, name, album_id, media_type_id, composer, milliseconds, bytes, unit_price) VALUES (798, 'King Of Dreams', 64, 1, 'Blackmore, Glover, Turner', 328385, 10733847, 0.99);
INSERT INTO tracks (id, name, album_id, media_type_id, composer, milliseconds, bytes, unit_price) VALUES (799, 'The Cut Runs Deep', 64, 1, 'Blackmore, Glover, Turner, Lord, Paice', 342752, 11191650, 0.99);
INSERT INTO tracks (id, name, album_id, media_type_id, composer, milliseconds, bytes, unit_price) VALUES (800, 'Fire In The Basement', 64, 1, 'Blackmore, Glover, Turner, Lord, Paice', 283977, 9267550, 0.99);
INSERT INTO tracks (id, name, album_id, media_type_id, composer, milliseconds, bytes, unit_price) VALUES (801, 'Truth Hurts', 64, 1, 'Blackmore, Glover, Turner', 314827, 10224612, 0.99);
INSERT INTO tracks (id, name, album_id, media_type_id, composer, milliseconds, bytes, unit_price) VALUES (802, 'Breakfast In Bed', 64, 1, 'Blackmore, Glover, Turner', 317126, 10323804, 0.99);
INSERT INTO tracks (id, name, album_id, media_type_id, composer, milliseconds, bytes, unit_price) VALUES (803, 'Love Conquers All', 64, 1, 'Blackmore, Glover, Turner', 227186, 7328516, 0.99);
INSERT INTO tracks (id, name, album_id, media_type_id, composer, milliseconds, bytes, unit_price) VALUES (804, 'Fortuneteller', 64, 1, 'Blackmore, Glover, Turner, Lord, Paice', 349335, 11369671, 0.99);
INSERT INTO tracks (id, name, album_id, media_type_id, composer, milliseconds, bytes, unit_price) VALUES (805, 'Too Much Is Not Enough', 64, 1, 'Turner, Held, Greenwood', 257724, 8382800, 0.99);
INSERT INTO tracks (id, name, album_id, media_type_id, composer, milliseconds, bytes, unit_price) VALUES (806, 'Wicked Ways', 64, 1, 'Blackmore, Glover, Turner, Lord, Paice', 393691, 12826582, 0.99);
INSERT INTO tracks (id, name, album_id, media_type_id, composer, milliseconds, bytes, unit_price) VALUES (807, 'Stormbringer', 65, 1, 'D.Coverdale/R.Blackmore/Ritchie Blackmore', 246413, 8044864, 0.99);
INSERT INTO tracks (id, name, album_id, media_type_id, composer, milliseconds, bytes, unit_price) VALUES (808, 'Love Don''t Mean a Thing', 65, 1, 'D.Coverdale/G.Hughes/Glenn Hughes/I.Paice/Ian Paice/J.Lord/John Lord/R.Blackmore/Ritchie Blackmore', 263862, 8675026, 0.99);
INSERT INTO tracks (id, name, album_id, media_type_id, composer, milliseconds, bytes, unit_price) VALUES (809, 'Holy Man', 65, 1, 'D.Coverdale/G.Hughes/Glenn Hughes/J.Lord/John Lord', 270236, 8818093, 0.99);
INSERT INTO tracks (id, name, album_id, media_type_id, composer, milliseconds, bytes, unit_price) VALUES (810, 'Hold On', 65, 1, 'D.Coverdal/G.Hughes/Glenn Hughes/I.Paice/Ian Paice/J.Lord/John Lord', 306860, 10022428, 0.99);
INSERT INTO tracks (id, name, album_id, media_type_id, composer, milliseconds, bytes, unit_price) VALUES (811, 'Lady Double Dealer', 65, 1, 'D.Coverdale/R.Blackmore/Ritchie Blackmore', 201482, 6554330, 0.99);
INSERT INTO tracks (id, name, album_id, media_type_id, composer, milliseconds, bytes, unit_price) VALUES (812, 'You Can''t Do it Right (With the One You Love)', 65, 1, 'D.Coverdale/G.Hughes/Glenn Hughes/R.Blackmore/Ritchie Blackmore', 203755, 6709579, 0.99);
INSERT INTO tracks (id, name, album_id, media_type_id, composer, milliseconds, bytes, unit_price) VALUES (813, 'High Ball Shooter', 65, 1, 'D.Coverdale/G.Hughes/Glenn Hughes/I.Paice/Ian Paice/J.Lord/John Lord/R.Blackmore/Ritchie Blackmore', 267833, 8772471, 0.99);
INSERT INTO tracks (id, name, album_id, media_type_id, composer, milliseconds, bytes, unit_price) VALUES (814, 'The Gypsy', 65, 1, 'D.Coverdale/G.Hughes/Glenn Hughes/I.Paice/Ian Paice/J.Lord/John Lord/R.Blackmore/Ritchie Blackmore', 242886, 7946614, 0.99);
INSERT INTO tracks (id, name, album_id, media_type_id, composer, milliseconds, bytes, unit_price) VALUES (815, 'Soldier Of Fortune', 65, 1, 'D.Coverdale/R.Blackmore/Ritchie Blackmore', 193750, 6315321, 0.99);
INSERT INTO tracks (id, name, album_id, media_type_id, composer, milliseconds, bytes, unit_price) VALUES (816, 'The Battle Rages On', 66, 1, 'ian paice/jon lord', 356963, 11626228, 0.99);
INSERT INTO tracks (id, name, album_id, media_type_id, composer, milliseconds, bytes, unit_price) VALUES (817, 'Lick It Up', 66, 1, 'roger glover', 240274, 7792604, 0.99);
INSERT INTO tracks (id, name, album_id, media_type_id, composer, milliseconds, bytes, unit_price) VALUES (818, 'Anya', 66, 1, 'jon lord/roger glover', 392437, 12754921, 0.99);
INSERT INTO tracks (id, name, album_id, media_type_id, composer, milliseconds, bytes, unit_price) VALUES (819, 'Talk About Love', 66, 1, 'roger glover', 247823, 8072171, 0.99);
INSERT INTO tracks (id, name, album_id, media_type_id, composer, milliseconds, bytes, unit_price) VALUES (820, 'Time To Kill', 66, 1, 'roger glover', 351033, 11354742, 0.99);
INSERT INTO tracks (id, name, album_id, media_type_id, composer, milliseconds, bytes, unit_price) VALUES (821, 'Ramshackle Man', 66, 1, 'roger glover', 334445, 10874679, 0.99);
INSERT INTO tracks (id, name, album_id, media_type_id, composer, milliseconds, bytes, unit_price) VALUES (822, 'A Twist In The Tail', 66, 1, 'roger glover', 257462, 8413103, 0.99);
INSERT INTO tracks (id, name, album_id, media_type_id, composer, milliseconds, bytes, unit_price) VALUES (823, 'Nasty Piece Of Work', 66, 1, 'jon lord/roger glover', 276662, 9076997, 0.99);
INSERT INTO tracks (id, name, album_id, media_type_id, composer, milliseconds, bytes, unit_price) VALUES (824, 'Solitaire', 66, 1, 'roger glover', 282226, 9157021, 0.99);
INSERT INTO tracks (id, name, album_id, media_type_id, composer, milliseconds, bytes, unit_price) VALUES (825, 'One Man''s Meat', 66, 1, 'roger glover', 278804, 9068960, 0.99);
INSERT INTO tracks (id, name, album_id, media_type_id, composer, milliseconds, bytes, unit_price) VALUES (826, 'Pour Some Sugar On Me', 67, 1, NULL, 292519, 9518842, 0.99);
INSERT INTO tracks (id, name, album_id, media_type_id, composer, milliseconds, bytes, unit_price) VALUES (827, 'Photograph', 67, 1, NULL, 248633, 8108507, 0.99);
INSERT INTO tracks (id, name, album_id, media_type_id, composer, milliseconds, bytes, unit_price) VALUES (828, 'Love Bites', 67, 1, NULL, 346853, 11305791, 0.99);
INSERT INTO tracks (id, name, album_id, media_type_id, composer, milliseconds, bytes, unit_price) VALUES (829, 'Let''s Get Rocked', 67, 1, NULL, 296019, 9724150, 0.99);
INSERT INTO tracks (id, name, album_id, media_type_id, composer, milliseconds, bytes, unit_price) VALUES (830, 'Two Steps Behind [Acoustic Version]', 67, 1, NULL, 259787, 8523388, 0.99);
INSERT INTO tracks (id, name, album_id, media_type_id, composer, milliseconds, bytes, unit_price) VALUES (831, 'Animal', 67, 1, NULL, 244741, 7985133, 0.99);
INSERT INTO tracks (id, name, album_id, media_type_id, composer, milliseconds, bytes, unit_price) VALUES (832, 'Heaven Is', 67, 1, NULL, 214021, 6988128, 0.99);
INSERT INTO tracks (id, name, album_id, media_type_id, composer, milliseconds, bytes, unit_price) VALUES (833, 'Rocket', 67, 1, NULL, 247248, 8092463, 0.99);
INSERT INTO tracks (id, name, album_id, media_type_id, composer, milliseconds, bytes, unit_price) VALUES (834, 'When Love & Hate Collide', 67, 1, NULL, 257280, 8364633, 0.99);
INSERT INTO tracks (id, name, album_id, media_type_id, composer, milliseconds, bytes, unit_price) VALUES (835, 'Action', 67, 1, NULL, 220604, 7130830, 0.99);
INSERT INTO tracks (id, name, album_id, media_type_id, composer, milliseconds, bytes, unit_price) VALUES (836, 'Make Love Like A Man', 67, 1, NULL, 255660, 8309725, 0.99);
INSERT INTO tracks (id, name, album_id, media_type_id, composer, milliseconds, bytes, unit_price) VALUES (837, 'Armageddon It', 67, 1, NULL, 322455, 10522352, 0.99);
INSERT INTO tracks (id, name, album_id, media_type_id, composer, milliseconds, bytes, unit_price) VALUES (838, 'Have You Ever Needed Someone So Bad', 67, 1, NULL, 319320, 10400020, 0.99);
INSERT INTO tracks (id, name, album_id, media_type_id, composer, milliseconds, bytes, unit_price) VALUES (839, 'Rock Of Ages', 67, 1, NULL, 248424, 8150318, 0.99);
INSERT INTO tracks (id, name, album_id, media_type_id, composer, milliseconds, bytes, unit_price) VALUES (840, 'Hysteria', 67, 1, NULL, 355056, 11622738, 0.99);
INSERT INTO tracks (id, name, album_id, media_type_id, composer, milliseconds, bytes, unit_price) VALUES (841, 'Bringin'' On The Heartbreak', 67, 1, NULL, 272457, 8853324, 0.99);
INSERT INTO tracks (id, name, album_id, media_type_id, composer, milliseconds, bytes, unit_price) VALUES (842, 'Roll Call', 68, 1, 'Jim Beard', 321358, 10653494, 0.99);
INSERT INTO tracks (id, name, album_id, media_type_id, composer, milliseconds, bytes, unit_price) VALUES (843, 'Otay', 68, 1, 'John Scofield, Robert Aries, Milton Chambers and Gary Grainger', 423653, 14176083, 0.99);
INSERT INTO tracks (id, name, album_id, media_type_id, composer, milliseconds, bytes, unit_price) VALUES (844, 'Groovus Interruptus', 68, 1, 'Jim Beard', 319373, 10602166, 0.99);
INSERT INTO tracks (id, name, album_id, media_type_id, composer, milliseconds, bytes, unit_price) VALUES (845, 'Paris On Mine', 68, 1, 'Jon Herington', 368875, 12059507, 0.99);
INSERT INTO tracks (id, name, album_id, media_type_id, composer, milliseconds, bytes, unit_price) VALUES (846, 'In Time', 68, 1, 'Sylvester Stewart', 368953, 12287103, 0.99);
INSERT INTO tracks (id, name, album_id, media_type_id, composer, milliseconds, bytes, unit_price) VALUES (847, 'Plan B', 68, 1, 'Dean Brown, Dennis Chambers & Jim Beard', 272039, 9032315, 0.99);
INSERT INTO tracks (id, name, album_id, media_type_id, composer, milliseconds, bytes, unit_price) VALUES (848, 'Outbreak', 68, 1, 'Jim Beard & Jon Herington', 659226, 21685807, 0.99);
INSERT INTO tracks (id, name, album_id, media_type_id, composer, milliseconds, bytes, unit_price) VALUES (849, 'Baltimore, DC', 68, 1, 'John Scofield', 346932, 11394473, 0.99);
INSERT INTO tracks (id, name, album_id, media_type_id, composer, milliseconds, bytes, unit_price) VALUES (850, 'Talkin Loud and Saying Nothin', 68, 1, 'James Brown & Bobby Byrd', 360411, 11994859, 0.99);
INSERT INTO tracks (id, name, album_id, media_type_id, composer, milliseconds, bytes, unit_price) VALUES (851, 'Pétala', 69, 1, NULL, 270080, 8856165, 0.99);
INSERT INTO tracks (id, name, album_id, media_type_id, composer, milliseconds, bytes, unit_price) VALUES (852, 'Meu Bem-Querer', 69, 1, NULL, 255608, 8330047, 0.99);
INSERT INTO tracks (id, name, album_id, media_type_id, composer, milliseconds, bytes, unit_price) VALUES (853, 'Cigano', 69, 1, NULL, 304692, 10037362, 0.99);
INSERT INTO tracks (id, name, album_id, media_type_id, composer, milliseconds, bytes, unit_price) VALUES (854, 'Boa Noite', 69, 1, NULL, 338755, 11283582, 0.99);
INSERT INTO tracks (id, name, album_id, media_type_id, composer, milliseconds, bytes, unit_price) VALUES (855, 'Fato Consumado', 69, 1, NULL, 211565, 7018586, 0.99);
INSERT INTO tracks (id, name, album_id, media_type_id, composer, milliseconds, bytes, unit_price) VALUES (856, 'Faltando Um Pedaço', 69, 1, NULL, 267728, 8788760, 0.99);
INSERT INTO tracks (id, name, album_id, media_type_id, composer, milliseconds, bytes, unit_price) VALUES (857, 'Álibi', 69, 1, NULL, 213237, 6928434, 0.99);
INSERT INTO tracks (id, name, album_id, media_type_id, composer, milliseconds, bytes, unit_price) VALUES (858, 'Esquinas', 69, 1, NULL, 280999, 9096726, 0.99);
INSERT INTO tracks (id, name, album_id, media_type_id, composer, milliseconds, bytes, unit_price) VALUES (859, 'Se...', 69, 1, NULL, 286432, 9413777, 0.99);
INSERT INTO tracks (id, name, album_id, media_type_id, composer, milliseconds, bytes, unit_price) VALUES (860, 'Eu Te Devoro', 69, 1, NULL, 311614, 10312775, 0.99);
INSERT INTO tracks (id, name, album_id, media_type_id, composer, milliseconds, bytes, unit_price) VALUES (861, 'Lilás', 69, 1, NULL, 274181, 9049542, 0.99);
INSERT INTO tracks (id, name, album_id, media_type_id, composer, milliseconds, bytes, unit_price) VALUES (862, 'Acelerou', 69, 1, NULL, 284081, 9396942, 0.99);
INSERT INTO tracks (id, name, album_id, media_type_id, composer, milliseconds, bytes, unit_price) VALUES (863, 'Um Amor Puro', 69, 1, NULL, 327784, 10687311, 0.99);
INSERT INTO tracks (id, name, album_id, media_type_id, composer, milliseconds, bytes, unit_price) VALUES (864, 'Samurai', 70, 1, 'Djavan', 330997, 10872787, 0.99);
INSERT INTO tracks (id, name, album_id, media_type_id, composer, milliseconds, bytes, unit_price) VALUES (865, 'Nem Um Dia', 70, 1, 'Djavan', 337423, 11181446, 0.99);
INSERT INTO tracks (id, name, album_id, media_type_id, composer, milliseconds, bytes, unit_price) VALUES (866, 'Oceano', 70, 1, 'Djavan', 217338, 7026441, 0.99);
INSERT INTO tracks (id, name, album_id, media_type_id, composer, milliseconds, bytes, unit_price) VALUES (867, 'Açai', 70, 1, 'Djavan', 270968, 8893682, 0.99);
INSERT INTO tracks (id, name, album_id, media_type_id, composer, milliseconds, bytes, unit_price) VALUES (868, 'Serrado', 70, 1, 'Djavan', 295314, 9842240, 0.99);
INSERT INTO tracks (id, name, album_id, media_type_id, composer, milliseconds, bytes, unit_price) VALUES (869, 'Flor De Lis', 70, 1, 'Djavan', 236355, 7801108, 0.99);
INSERT INTO tracks (id, name, album_id, media_type_id, composer, milliseconds, bytes, unit_price) VALUES (870, 'Amar É Tudo', 70, 1, 'Djavan', 211617, 7073899, 0.99);
INSERT INTO tracks (id, name, album_id, media_type_id, composer, milliseconds, bytes, unit_price) VALUES (871, 'Azul', 70, 1, 'Djavan', 253962, 8381029, 0.99);
INSERT INTO tracks (id, name, album_id, media_type_id, composer, milliseconds, bytes, unit_price) VALUES (872, 'Seduzir', 70, 1, 'Djavan', 277524, 9163253, 0.99);
INSERT INTO tracks (id, name, album_id, media_type_id, composer, milliseconds, bytes, unit_price) VALUES (873, 'A Carta', 70, 1, 'Djavan - Gabriel, O Pensador', 347297, 11493463, 0.99);
INSERT INTO tracks (id, name, album_id, media_type_id, composer, milliseconds, bytes, unit_price) VALUES (874, 'Sina', 70, 1, 'Djavan', 268173, 8906539, 0.99);
INSERT INTO tracks (id, name, album_id, media_type_id, composer, milliseconds, bytes, unit_price) VALUES (875, 'Acelerou', 70, 1, 'Djavan', 284133, 9391439, 0.99);
INSERT INTO tracks (id, name, album_id, media_type_id, composer, milliseconds, bytes, unit_price) VALUES (876, 'Um Amor Puro', 70, 1, 'Djavan', 327105, 10664698, 0.99);
INSERT INTO tracks (id, name, album_id, media_type_id, composer, milliseconds, bytes, unit_price) VALUES (877, 'O Bêbado e a Equilibrista', 71, 1, NULL, 223059, 7306143, 0.99);
INSERT INTO tracks (id, name, album_id, media_type_id, composer, milliseconds, bytes, unit_price) VALUES (878, 'O Mestre-Sala dos Mares', 71, 1, NULL, 186226, 6180414, 0.99);
INSERT INTO tracks (id, name, album_id, media_type_id, composer, milliseconds, bytes, unit_price) VALUES (879, 'Atrás da Porta', 71, 1, NULL, 166608, 5432518, 0.99);
INSERT INTO tracks (id, name, album_id, media_type_id, composer, milliseconds, bytes, unit_price) VALUES (880, 'Dois Pra Lá, Dois Pra Cá', 71, 1, NULL, 263026, 8684639, 0.99);
INSERT INTO tracks (id, name, album_id, media_type_id, composer, milliseconds, bytes, unit_price) VALUES (881, 'Casa no Campo', 71, 1, NULL, 170788, 5531841, 0.99);
INSERT INTO tracks (id, name, album_id, media_type_id, composer, milliseconds, bytes, unit_price) VALUES (882, 'Romaria', 71, 1, NULL, 242834, 7968525, 0.99);
INSERT INTO tracks (id, name, album_id, media_type_id, composer, milliseconds, bytes, unit_price) VALUES (883, 'Alô, Alô, Marciano', 71, 1, NULL, 241397, 8137254, 0.99);
INSERT INTO tracks (id, name, album_id, media_type_id, composer, milliseconds, bytes, unit_price) VALUES (884, 'Me Deixas Louca', 71, 1, NULL, 214831, 6888030, 0.99);
INSERT INTO tracks (id, name, album_id, media_type_id, composer, milliseconds, bytes, unit_price) VALUES (885, 'Fascinação', 71, 1, NULL, 180793, 5793959, 0.99);
INSERT INTO tracks (id, name, album_id, media_type_id, composer, milliseconds, bytes, unit_price) VALUES (886, 'Saudosa Maloca', 71, 1, NULL, 278125, 9059416, 0.99);
INSERT INTO tracks (id, name, album_id, media_type_id, composer, milliseconds, bytes, unit_price) VALUES (887, 'As Aparências Enganam', 71, 1, NULL, 247379, 8014346, 0.99);
INSERT INTO tracks (id, name, album_id, media_type_id, composer, milliseconds, bytes, unit_price) VALUES (888, 'Madalena', 71, 1, NULL, 157387, 5243721, 0.99);
INSERT INTO tracks (id, name, album_id, media_type_id, composer, milliseconds, bytes, unit_price) VALUES (889, 'Maria Rosa', 71, 1, NULL, 232803, 7592504, 0.99);
INSERT INTO tracks (id, name, album_id, media_type_id, composer, milliseconds, bytes, unit_price) VALUES (890, 'Aprendendo A Jogar', 71, 1, NULL, 290664, 9391041, 0.99);
INSERT INTO tracks (id, name, album_id, media_type_id, composer, milliseconds, bytes, unit_price) VALUES (891, 'Layla', 72, 1, 'Clapton/Gordon', 430733, 14115792, 0.99);
INSERT INTO tracks (id, name, album_id, media_type_id, composer, milliseconds, bytes, unit_price) VALUES (892, 'Badge', 72, 1, 'Clapton/Harrison', 163552, 5322942, 0.99);
INSERT INTO tracks (id, name, album_id, media_type_id, composer, milliseconds, bytes, unit_price) VALUES (893, 'I Feel Free', 72, 1, 'Bruce/Clapton', 174576, 5725684, 0.99);
INSERT INTO tracks (id, name, album_id, media_type_id, composer, milliseconds, bytes, unit_price) VALUES (894, 'Sunshine Of Your Love', 72, 1, 'Bruce/Clapton', 252891, 8225889, 0.99);
INSERT INTO tracks (id, name, album_id, media_type_id, composer, milliseconds, bytes, unit_price) VALUES (895, 'Crossroads', 72, 1, 'Clapton/Robert Johnson Arr: Eric Clapton', 253335, 8273540, 0.99);
INSERT INTO tracks (id, name, album_id, media_type_id, composer, milliseconds, bytes, unit_price) VALUES (896, 'Strange Brew', 72, 1, 'Clapton/Collins/Pappalardi', 167810, 5489787, 0.99);
INSERT INTO tracks (id, name, album_id, media_type_id, composer, milliseconds, bytes, unit_price) VALUES (897, 'White Room', 72, 1, 'Bruce/Clapton', 301583, 9872606, 0.99);
INSERT INTO tracks (id, name, album_id, media_type_id, composer, milliseconds, bytes, unit_price) VALUES (898, 'Bell Bottom Blues', 72, 1, 'Clapton', 304744, 9946681, 0.99);
INSERT INTO tracks (id, name, album_id, media_type_id, composer, milliseconds, bytes, unit_price) VALUES (899, 'Cocaine', 72, 1, 'Cale/Clapton', 215928, 7138399, 0.99);
INSERT INTO tracks (id, name, album_id, media_type_id, composer, milliseconds, bytes, unit_price) VALUES (900, 'I Shot The Sheriff', 72, 1, 'Marley', 263862, 8738973, 0.99);
INSERT INTO tracks (id, name, album_id, media_type_id, composer, milliseconds, bytes, unit_price) VALUES (901, 'After Midnight', 72, 1, 'Clapton/J. J. Cale', 191320, 6460941, 0.99);
INSERT INTO tracks (id, name, album_id, media_type_id, composer, milliseconds, bytes, unit_price) VALUES (902, 'Swing Low Sweet Chariot', 72, 1, 'Clapton/Trad. Arr. Clapton', 208143, 6896288, 0.99);
INSERT INTO tracks (id, name, album_id, media_type_id, composer, milliseconds, bytes, unit_price) VALUES (903, 'Lay Down Sally', 72, 1, 'Clapton/Levy', 231732, 7774207, 0.99);
INSERT INTO tracks (id, name, album_id, media_type_id, composer, milliseconds, bytes, unit_price) VALUES (904, 'Knockin On Heavens Door', 72, 1, 'Clapton/Dylan', 264411, 8758819, 0.99);
INSERT INTO tracks (id, name, album_id, media_type_id, composer, milliseconds, bytes, unit_price) VALUES (905, 'Wonderful Tonight', 72, 1, 'Clapton', 221387, 7326923, 0.99);
INSERT INTO tracks (id, name, album_id, media_type_id, composer, milliseconds, bytes, unit_price) VALUES (906, 'Let It Grow', 72, 1, 'Clapton', 297064, 9742568, 0.99);
INSERT INTO tracks (id, name, album_id, media_type_id, composer, milliseconds, bytes, unit_price) VALUES (907, 'Promises', 72, 1, 'Clapton/F.eldman/Linn', 180401, 6006154, 0.99);
INSERT INTO tracks (id, name, album_id, media_type_id, composer, milliseconds, bytes, unit_price) VALUES (908, 'I Can''t Stand It', 72, 1, 'Clapton', 249730, 8271980, 0.99);
INSERT INTO tracks (id, name, album_id, media_type_id, composer, milliseconds, bytes, unit_price) VALUES (909, 'Signe', 73, 1, 'Eric Clapton', 193515, 6475042, 0.99);
INSERT INTO tracks (id, name, album_id, media_type_id, composer, milliseconds, bytes, unit_price) VALUES (910, 'Before You Accuse Me', 73, 1, 'Eugene McDaniel', 224339, 7456807, 0.99);
INSERT INTO tracks (id, name, album_id, media_type_id, composer, milliseconds, bytes, unit_price) VALUES (911, 'Hey Hey', 73, 1, 'Big Bill Broonzy', 196466, 6543487, 0.99);
INSERT INTO tracks (id, name, album_id, media_type_id, composer, milliseconds, bytes, unit_price) VALUES (912, 'Tears In Heaven', 73, 1, 'Eric Clapton, Will Jennings', 274729, 9032835, 0.99);
INSERT INTO tracks (id, name, album_id, media_type_id, composer, milliseconds, bytes, unit_price) VALUES (913, 'Lonely Stranger', 73, 1, 'Eric Clapton', 328724, 10894406, 0.99);
INSERT INTO tracks (id, name, album_id, media_type_id, composer, milliseconds, bytes, unit_price) VALUES (914, 'Nobody Knows You When You''re Down & Out', 73, 1, 'Jimmy Cox', 231836, 7669922, 0.99);
INSERT INTO tracks (id, name, album_id, media_type_id, composer, milliseconds, bytes, unit_price) VALUES (915, 'Layla', 73, 1, 'Eric Clapton, Jim Gordon', 285387, 9490542, 0.99);
INSERT INTO tracks (id, name, album_id, media_type_id, composer, milliseconds, bytes, unit_price) VALUES (916, 'Running On Faith', 73, 1, 'Jerry Lynn Williams', 378984, 12536275, 0.99);
INSERT INTO tracks (id, name, album_id, media_type_id, composer, milliseconds, bytes, unit_price) VALUES (917, 'Walkin'' Blues', 73, 1, 'Robert Johnson', 226429, 7435192, 0.99);
INSERT INTO tracks (id, name, album_id, media_type_id, composer, milliseconds, bytes, unit_price) VALUES (918, 'Alberta', 73, 1, 'Traditional', 222406, 7412975, 0.99);
INSERT INTO tracks (id, name, album_id, media_type_id, composer, milliseconds, bytes, unit_price) VALUES (919, 'San Francisco Bay Blues', 73, 1, 'Jesse Fuller', 203363, 6724021, 0.99);
INSERT INTO tracks (id, name, album_id, media_type_id, composer, milliseconds, bytes, unit_price) VALUES (920, 'Malted Milk', 73, 1, 'Robert Johnson', 216528, 7096781, 0.99);
INSERT INTO tracks (id, name, album_id, media_type_id, composer, milliseconds, bytes, unit_price) VALUES (921, 'Old Love', 73, 1, 'Eric Clapton, Robert Cray', 472920, 15780747, 0.99);
INSERT INTO tracks (id, name, album_id, media_type_id, composer, milliseconds, bytes, unit_price) VALUES (922, 'Rollin'' And Tumblin''', 73, 1, 'McKinley Morgenfield (Muddy Waters)', 251768, 8407355, 0.99);
INSERT INTO tracks (id, name, album_id, media_type_id, composer, milliseconds, bytes, unit_price) VALUES (923, 'Collision', 74, 1, 'Jon Hudson/Mike Patton', 204303, 6656596, 0.99);
INSERT INTO tracks (id, name, album_id, media_type_id, composer, milliseconds, bytes, unit_price) VALUES (924, 'Stripsearch', 74, 1, 'Jon Hudson/Mike Bordin/Mike Patton', 270106, 8861119, 0.99);
INSERT INTO tracks (id, name, album_id, media_type_id, composer, milliseconds, bytes, unit_price) VALUES (925, 'Last Cup Of Sorrow', 74, 1, 'Bill Gould/Mike Patton', 251663, 8221247, 0.99);
INSERT INTO tracks (id, name, album_id, media_type_id, composer, milliseconds, bytes, unit_price) VALUES (926, 'Naked In Front Of The Computer', 74, 1, 'Mike Patton', 128757, 4225077, 0.99);
INSERT INTO tracks (id, name, album_id, media_type_id, composer, milliseconds, bytes, unit_price) VALUES (927, 'Helpless', 74, 1, 'Bill Gould/Mike Bordin/Mike Patton', 326217, 10753135, 0.99);
INSERT INTO tracks (id, name, album_id, media_type_id, composer, milliseconds, bytes, unit_price) VALUES (928, 'Mouth To Mouth', 74, 1, 'Bill Gould/Jon Hudson/Mike Bordin/Mike Patton', 228493, 7505887, 0.99);
INSERT INTO tracks (id, name, album_id, media_type_id, composer, milliseconds, bytes, unit_price) VALUES (929, 'Ashes To Ashes', 74, 1, 'Bill Gould/Jon Hudson/Mike Bordin/Mike Patton/Roddy Bottum', 217391, 7093746, 0.99);
INSERT INTO tracks (id, name, album_id, media_type_id, composer, milliseconds, bytes, unit_price) VALUES (930, 'She Loves Me Not', 74, 1, 'Bill Gould/Mike Bordin/Mike Patton', 209867, 6887544, 0.99);
INSERT INTO tracks (id, name, album_id, media_type_id, composer, milliseconds, bytes, unit_price) VALUES (931, 'Got That Feeling', 74, 1, 'Mike Patton', 140852, 4643227, 0.99);
INSERT INTO tracks (id, name, album_id, media_type_id, composer, milliseconds, bytes, unit_price) VALUES (932, 'Paths Of Glory', 74, 1, 'Bill Gould/Jon Hudson/Mike Bordin/Mike Patton/Roddy Bottum', 257253, 8436300, 0.99);
INSERT INTO tracks (id, name, album_id, media_type_id, composer, milliseconds, bytes, unit_price) VALUES (933, 'Home Sick Home', 74, 1, 'Mike Patton', 119040, 3898976, 0.99);
INSERT INTO tracks (id, name, album_id, media_type_id, composer, milliseconds, bytes, unit_price) VALUES (934, 'Pristina', 74, 1, 'Bill Gould/Mike Patton', 232698, 7497361, 0.99);
INSERT INTO tracks (id, name, album_id, media_type_id, composer, milliseconds, bytes, unit_price) VALUES (935, 'Land Of Sunshine', 75, 1, NULL, 223921, 7353567, 0.99);
INSERT INTO tracks (id, name, album_id, media_type_id, composer, milliseconds, bytes, unit_price) VALUES (936, 'Caffeine', 75, 1, NULL, 267937, 8747367, 0.99);
INSERT INTO tracks (id, name, album_id, media_type_id, composer, milliseconds, bytes, unit_price) VALUES (937, 'Midlife Crisis', 75, 1, NULL, 263235, 8628841, 0.99);
INSERT INTO tracks (id, name, album_id, media_type_id, composer, milliseconds, bytes, unit_price) VALUES (938, 'RV', 75, 1, NULL, 223242, 7288162, 0.99);
INSERT INTO tracks (id, name, album_id, media_type_id, composer, milliseconds, bytes, unit_price) VALUES (939, 'Smaller And Smaller', 75, 1, NULL, 310831, 10180103, 0.99);
INSERT INTO tracks (id, name, album_id, media_type_id, composer, milliseconds, bytes, unit_price) VALUES (940, 'Everything''s Ruined', 75, 1, NULL, 273658, 9010917, 0.99);
INSERT INTO tracks (id, name, album_id, media_type_id, composer, milliseconds, bytes, unit_price) VALUES (941, 'Malpractice', 75, 1, NULL, 241371, 7900683, 0.99);
INSERT INTO tracks (id, name, album_id, media_type_id, composer, milliseconds, bytes, unit_price) VALUES (942, 'Kindergarten', 75, 1, NULL, 270680, 8853647, 0.99);
INSERT INTO tracks (id, name, album_id, media_type_id, composer, milliseconds, bytes, unit_price) VALUES (943, 'Be Aggressive', 75, 1, NULL, 222432, 7298027, 0.99);
INSERT INTO tracks (id, name, album_id, media_type_id, composer, milliseconds, bytes, unit_price) VALUES (944, 'A Small Victory', 75, 1, NULL, 297168, 9733572, 0.99);
INSERT INTO tracks (id, name, album_id, media_type_id, composer, milliseconds, bytes, unit_price) VALUES (945, 'Crack Hitler', 75, 1, NULL, 279144, 9162435, 0.99);
INSERT INTO tracks (id, name, album_id, media_type_id, composer, milliseconds, bytes, unit_price) VALUES (946, 'Jizzlobber', 75, 1, NULL, 398341, 12926140, 0.99);
INSERT INTO tracks (id, name, album_id, media_type_id, composer, milliseconds, bytes, unit_price) VALUES (947, 'Midnight Cowboy', 75, 1, NULL, 251924, 8242626, 0.99);
INSERT INTO tracks (id, name, album_id, media_type_id, composer, milliseconds, bytes, unit_price) VALUES (948, 'Easy', 75, 1, NULL, 185835, 6073008, 0.99);
INSERT INTO tracks (id, name, album_id, media_type_id, composer, milliseconds, bytes, unit_price) VALUES (949, 'Get Out', 76, 1, 'Mike Bordin, Billy Gould, Mike Patton', 137482, 4524972, 0.99);
INSERT INTO tracks (id, name, album_id, media_type_id, composer, milliseconds, bytes, unit_price) VALUES (950, 'Ricochet', 76, 1, 'Mike Bordin, Billy Gould, Mike Patton', 269400, 8808812, 0.99);
INSERT INTO tracks (id, name, album_id, media_type_id, composer, milliseconds, bytes, unit_price) VALUES (951, 'Evidence', 76, 1, 'Mike Bordin, Billy Gould, Mike Patton, Trey Spruance', 293590, 9626136, 0.99);
INSERT INTO tracks (id, name, album_id, media_type_id, composer, milliseconds, bytes, unit_price) VALUES (952, 'The Gentle Art Of Making Enemies', 76, 1, 'Mike Bordin, Billy Gould, Mike Patton', 209319, 6908609, 0.99);
INSERT INTO tracks (id, name, album_id, media_type_id, composer, milliseconds, bytes, unit_price) VALUES (953, 'Star A.D.', 76, 1, 'Mike Bordin, Billy Gould, Mike Patton', 203807, 6747658, 0.99);
INSERT INTO tracks (id, name, album_id, media_type_id, composer, milliseconds, bytes, unit_price) VALUES (954, 'Cuckoo For Caca', 76, 1, 'Mike Bordin, Billy Gould, Mike Patton, Trey Spruance', 222902, 7388369, 0.99);
INSERT INTO tracks (id, name, album_id, media_type_id, composer, milliseconds, bytes, unit_price) VALUES (955, 'Caralho Voador', 76, 1, 'Mike Bordin, Billy Gould, Mike Patton, Trey Spruance', 242102, 8029054, 0.99);
INSERT INTO tracks (id, name, album_id, media_type_id, composer, milliseconds, bytes, unit_price) VALUES (956, 'Ugly In The Morning', 76, 1, 'Mike Bordin, Billy Gould, Mike Patton', 186435, 6224997, 0.99);
INSERT INTO tracks (id, name, album_id, media_type_id, composer, milliseconds, bytes, unit_price) VALUES (957, 'Digging The Grave', 76, 1, 'Mike Bordin, Billy Gould, Mike Patton', 185129, 6109259, 0.99);
INSERT INTO tracks (id, name, album_id, media_type_id, composer, milliseconds, bytes, unit_price) VALUES (958, 'Take This Bottle', 76, 1, 'Mike Bordin, Billy Gould, Mike Patton, Trey Spruance', 298997, 9779971, 0.99);
INSERT INTO tracks (id, name, album_id, media_type_id, composer, milliseconds, bytes, unit_price) VALUES (959, 'King For A Day', 76, 1, 'Mike Bordin, Billy Gould, Mike Patton, Trey Spruance', 395859, 13163733, 0.99);
INSERT INTO tracks (id, name, album_id, media_type_id, composer, milliseconds, bytes, unit_price) VALUES (960, 'What A Day', 76, 1, 'Mike Bordin, Billy Gould, Mike Patton', 158275, 5203430, 0.99);
INSERT INTO tracks (id, name, album_id, media_type_id, composer, milliseconds, bytes, unit_price) VALUES (961, 'The Last To Know', 76, 1, 'Mike Bordin, Billy Gould, Mike Patton', 267833, 8736776, 0.99);
INSERT INTO tracks (id, name, album_id, media_type_id, composer, milliseconds, bytes, unit_price) VALUES (962, 'Just A Man', 76, 1, 'Mike Bordin, Billy Gould, Mike Patton', 336666, 11031254, 0.99);
INSERT INTO tracks (id, name, album_id, media_type_id, composer, milliseconds, bytes, unit_price) VALUES (963, 'Absolute Zero', 76, 1, 'Mike Bordin, Billy Gould, Mike Patton', 181995, 5929427, 0.99);
INSERT INTO tracks (id, name, album_id, media_type_id, composer, milliseconds, bytes, unit_price) VALUES (964, 'From Out Of Nowhere', 77, 1, 'Faith No More', 202527, 6587802, 0.99);
INSERT INTO tracks (id, name, album_id, media_type_id, composer, milliseconds, bytes, unit_price) VALUES (965, 'Epic', 77, 1, 'Faith No More', 294008, 9631296, 0.99);
INSERT INTO tracks (id, name, album_id, media_type_id, composer, milliseconds, bytes, unit_price) VALUES (966, 'Falling To Pieces', 77, 1, 'Faith No More', 316055, 10333123, 0.99);
INSERT INTO tracks (id, name, album_id, media_type_id, composer, milliseconds, bytes, unit_price) VALUES (967, 'Surprise! You''re Dead!', 77, 1, 'Faith No More', 147226, 4823036, 0.99);
INSERT INTO tracks (id, name, album_id, media_type_id, composer, milliseconds, bytes, unit_price) VALUES (968, 'Zombie Eaters', 77, 1, 'Faith No More', 360881, 11835367, 0.99);
INSERT INTO tracks (id, name, album_id, media_type_id, composer, milliseconds, bytes, unit_price) VALUES (969, 'The Real Thing', 77, 1, 'Faith No More', 493635, 16233080, 0.99);
INSERT INTO tracks (id, name, album_id, media_type_id, composer, milliseconds, bytes, unit_price) VALUES (970, 'Underwater Love', 77, 1, 'Faith No More', 231993, 7634387, 0.99);
INSERT INTO tracks (id, name, album_id, media_type_id, composer, milliseconds, bytes, unit_price) VALUES (971, 'The Morning After', 77, 1, 'Faith No More', 223764, 7355898, 0.99);
INSERT INTO tracks (id, name, album_id, media_type_id, composer, milliseconds, bytes, unit_price) VALUES (972, 'Woodpecker From Mars', 77, 1, 'Faith No More', 340532, 11174250, 0.99);
INSERT INTO tracks (id, name, album_id, media_type_id, composer, milliseconds, bytes, unit_price) VALUES (973, 'War Pigs', 77, 1, 'Tony Iommi, Bill Ward, Geezer Butler, Ozzy Osbourne', 464770, 15267802, 0.99);
INSERT INTO tracks (id, name, album_id, media_type_id, composer, milliseconds, bytes, unit_price) VALUES (974, 'Edge Of The World', 77, 1, 'Faith No More', 250357, 8235607, 0.99);
INSERT INTO tracks (id, name, album_id, media_type_id, composer, milliseconds, bytes, unit_price) VALUES (975, 'Deixa Entrar', 78, 1, NULL, 33619, 1095012, 0.99);
INSERT INTO tracks (id, name, album_id, media_type_id, composer, milliseconds, bytes, unit_price) VALUES (976, 'Falamansa Song', 78, 1, NULL, 237165, 7921313, 0.99);
INSERT INTO tracks (id, name, album_id, media_type_id, composer, milliseconds, bytes, unit_price) VALUES (977, 'Xote Dos Milagres', 78, 1, NULL, 269557, 8897778, 0.99);
INSERT INTO tracks (id, name, album_id, media_type_id, composer, milliseconds, bytes, unit_price) VALUES (978, 'Rindo À Toa', 78, 1, NULL, 222066, 7365321, 0.99);
INSERT INTO tracks (id, name, album_id, media_type_id, composer, milliseconds, bytes, unit_price) VALUES (979, 'Confidência', 78, 1, NULL, 222197, 7460829, 0.99);
INSERT INTO tracks (id, name, album_id, media_type_id, composer, milliseconds, bytes, unit_price) VALUES (980, 'Forró De Tóquio', 78, 1, NULL, 169273, 5588756, 0.99);
INSERT INTO tracks (id, name, album_id, media_type_id, composer, milliseconds, bytes, unit_price) VALUES (981, 'Zeca Violeiro', 78, 1, NULL, 143673, 4781949, 0.99);
INSERT INTO tracks (id, name, album_id, media_type_id, composer, milliseconds, bytes, unit_price) VALUES (982, 'Avisa', 78, 1, NULL, 355030, 11844320, 0.99);
INSERT INTO tracks (id, name, album_id, media_type_id, composer, milliseconds, bytes, unit_price) VALUES (983, 'Principiando/Decolagem', 78, 1, NULL, 116767, 3923789, 0.99);
INSERT INTO tracks (id, name, album_id, media_type_id, composer, milliseconds, bytes, unit_price) VALUES (984, 'Asas', 78, 1, NULL, 231915, 7711669, 0.99);
INSERT INTO tracks (id, name, album_id, media_type_id, composer, milliseconds, bytes, unit_price) VALUES (985, 'Medo De Escuro', 78, 1, NULL, 213760, 7056323, 0.99);
INSERT INTO tracks (id, name, album_id, media_type_id, composer, milliseconds, bytes, unit_price) VALUES (986, 'Oração', 78, 1, NULL, 271072, 9003882, 0.99);
INSERT INTO tracks (id, name, album_id, media_type_id, composer, milliseconds, bytes, unit_price) VALUES (987, 'Minha Gata', 78, 1, NULL, 181838, 6039502, 0.99);
INSERT INTO tracks (id, name, album_id, media_type_id, composer, milliseconds, bytes, unit_price) VALUES (988, 'Desaforo', 78, 1, NULL, 174524, 5853561, 0.99);
INSERT INTO tracks (id, name, album_id, media_type_id, composer, milliseconds, bytes, unit_price) VALUES (989, 'In Your Honor', 79, 1, 'Dave Grohl, Taylor Hawkins, Nate Mendel, Chris Shiflett', 230191, 7468463, 0.99);
INSERT INTO tracks (id, name, album_id, media_type_id, composer, milliseconds, bytes, unit_price) VALUES (990, 'No Way Back', 79, 1, 'Dave Grohl, Taylor Hawkins, Nate Mendel, Chris Shiflett', 196675, 6421400, 0.99);
INSERT INTO tracks (id, name, album_id, media_type_id, composer, milliseconds, bytes, unit_price) VALUES (991, 'Best Of You', 79, 1, 'Dave Grohl, Taylor Hawkins, Nate Mendel, Chris Shiflett', 255712, 8363467, 0.99);
INSERT INTO tracks (id, name, album_id, media_type_id, composer, milliseconds, bytes, unit_price) VALUES (992, 'DOA', 79, 1, 'Dave Grohl, Taylor Hawkins, Nate Mendel, Chris Shiflett', 252186, 8232342, 0.99);
INSERT INTO tracks (id, name, album_id, media_type_id, composer, milliseconds, bytes, unit_price) VALUES (993, 'Hell', 79, 1, 'Dave Grohl, Taylor Hawkins, Nate Mendel, Chris Shiflett', 117080, 3819255, 0.99);
INSERT INTO tracks (id, name, album_id, media_type_id, composer, milliseconds, bytes, unit_price) VALUES (994, 'The Last Song', 79, 1, 'Dave Grohl, Taylor Hawkins, Nate Mendel, Chris Shiflett', 199523, 6496742, 0.99);
INSERT INTO tracks (id, name, album_id, media_type_id, composer, milliseconds, bytes, unit_price) VALUES (995, 'Free Me', 79, 1, 'Dave Grohl, Taylor Hawkins, Nate Mendel, Chris Shiflett', 278700, 9109340, 0.99);
INSERT INTO tracks (id, name, album_id, media_type_id, composer, milliseconds, bytes, unit_price) VALUES (996, 'Resolve', 79, 1, 'Dave Grohl, Taylor Hawkins, Nate Mendel, Chris Shiflett', 288731, 9416186, 0.99);
INSERT INTO tracks (id, name, album_id, media_type_id, composer, milliseconds, bytes, unit_price) VALUES (997, 'The Deepest Blues Are Black', 79, 1, 'Dave Grohl, Taylor Hawkins, Nate Mendel, Chris Shiflett', 238419, 7735473, 0.99);
INSERT INTO tracks (id, name, album_id, media_type_id, composer, milliseconds, bytes, unit_price) VALUES (998, 'End Over End', 79, 1, 'Dave Grohl, Taylor Hawkins, Nate Mendel, Chris Shiflett', 352078, 11395296, 0.99);
INSERT INTO tracks (id, name, album_id, media_type_id, composer, milliseconds, bytes, unit_price) VALUES (999, 'Still', 80, 1, 'Dave Grohl, Taylor Hawkins, Nate Mendel, Chris Shiflett/FOO FIGHTERS', 313182, 10323157, 0.99);
INSERT INTO tracks (id, name, album_id, media_type_id, composer, milliseconds, bytes, unit_price) VALUES (1000, 'What If I Do?', 80, 1, 'Dave Grohl, Taylor Hawkins, Nate Mendel, Chris Shiflett/FOO FIGHTERS', 302994, 9929799, 0.99);
INSERT INTO tracks (id, name, album_id, media_type_id, composer, milliseconds, bytes, unit_price) VALUES (1001, 'Miracle', 80, 1, 'Dave Grohl, Taylor Hawkins, Nate Mendel, Chris Shiflett/FOO FIGHTERS', 209684, 6877994, 0.99);
INSERT INTO tracks (id, name, album_id, media_type_id, composer, milliseconds, bytes, unit_price) VALUES (1002, 'Another Round', 80, 1, 'Dave Grohl, Taylor Hawkins, Nate Mendel, Chris Shiflett/FOO FIGHTERS', 265848, 8752670, 0.99);
INSERT INTO tracks (id, name, album_id, media_type_id, composer, milliseconds, bytes, unit_price) VALUES (1003, 'Friend Of A Friend', 80, 1, 'Dave Grohl, Taylor Hawkins, Nate Mendel, Chris Shiflett/FOO FIGHTERS', 193280, 6355088, 0.99);
INSERT INTO tracks (id, name, album_id, media_type_id, composer, milliseconds, bytes, unit_price) VALUES (1004, 'Over And Out', 80, 1, 'Dave Grohl, Taylor Hawkins, Nate Mendel, Chris Shiflett/FOO FIGHTERS', 316264, 10428382, 0.99);
INSERT INTO tracks (id, name, album_id, media_type_id, composer, milliseconds, bytes, unit_price) VALUES (1005, 'On The Mend', 80, 1, 'Dave Grohl, Taylor Hawkins, Nate Mendel, Chris Shiflett/FOO FIGHTERS', 271908, 9071997, 0.99);
INSERT INTO tracks (id, name, album_id, media_type_id, composer, milliseconds, bytes, unit_price) VALUES (1006, 'Virginia Moon', 80, 1, 'Dave Grohl, Taylor Hawkins, Nate Mendel, Chris Shiflett/FOO FIGHTERS', 229198, 7494639, 0.99);
INSERT INTO tracks (id, name, album_id, media_type_id, composer, milliseconds, bytes, unit_price) VALUES (1007, 'Cold Day In The Sun', 80, 1, 'Dave Grohl, Taylor Hawkins, Nate Mendel, Chris Shiflett/FOO FIGHTERS', 200724, 6596617, 0.99);
INSERT INTO tracks (id, name, album_id, media_type_id, composer, milliseconds, bytes, unit_price) VALUES (1008, 'Razor', 80, 1, 'Dave Grohl, Taylor Hawkins, Nate Mendel, Chris Shiflett/FOO FIGHTERS', 293276, 9721373, 0.99);
INSERT INTO tracks (id, name, album_id, media_type_id, composer, milliseconds, bytes, unit_price) VALUES (1009, 'All My Life', 81, 1, 'Foo Fighters', 263653, 8665545, 0.99);
INSERT INTO tracks (id, name, album_id, media_type_id, composer, milliseconds, bytes, unit_price) VALUES (1010, 'Low', 81, 1, 'Foo Fighters', 268120, 8847196, 0.99);
INSERT INTO tracks (id, name, album_id, media_type_id, composer, milliseconds, bytes, unit_price) VALUES (1011, 'Have It All', 81, 1, 'Foo Fighters', 298057, 9729292, 0.99);
INSERT INTO tracks (id, name, album_id, media_type_id, composer, milliseconds, bytes, unit_price) VALUES (1012, 'Times Like These', 81, 1, 'Foo Fighters', 266370, 8624691, 0.99);
INSERT INTO tracks (id, name, album_id, media_type_id, composer, milliseconds, bytes, unit_price) VALUES (1013, 'Disenchanted Lullaby', 81, 1, 'Foo Fighters', 273528, 8919111, 0.99);
INSERT INTO tracks (id, name, album_id, media_type_id, composer, milliseconds, bytes, unit_price) VALUES (1014, 'Tired Of You', 81, 1, 'Foo Fighters', 311353, 10094743, 0.99);
INSERT INTO tracks (id, name, album_id, media_type_id, composer, milliseconds, bytes, unit_price) VALUES (1015, 'Halo', 81, 1, 'Foo Fighters', 306442, 10026371, 0.99);
INSERT INTO tracks (id, name, album_id, media_type_id, composer, milliseconds, bytes, unit_price) VALUES (1016, 'Lonely As You', 81, 1, 'Foo Fighters', 277185, 9022628, 0.99);
INSERT INTO tracks (id, name, album_id, media_type_id, composer, milliseconds, bytes, unit_price) VALUES (1017, 'Overdrive', 81, 1, 'Foo Fighters', 270550, 8793187, 0.99);
INSERT INTO tracks (id, name, album_id, media_type_id, composer, milliseconds, bytes, unit_price) VALUES (1018, 'Burn Away', 81, 1, 'Foo Fighters', 298396, 9678073, 0.99);
INSERT INTO tracks (id, name, album_id, media_type_id, composer, milliseconds, bytes, unit_price) VALUES (1019, 'Come Back', 81, 1, 'Foo Fighters', 469968, 15371980, 0.99);
INSERT INTO tracks (id, name, album_id, media_type_id, composer, milliseconds, bytes, unit_price) VALUES (1020, 'Doll', 82, 1, 'Dave, Taylor, Nate, Chris', 83487, 2702572, 0.99);
INSERT INTO tracks (id, name, album_id, media_type_id, composer, milliseconds, bytes, unit_price) VALUES (1021, 'Monkey Wrench', 82, 1, 'Dave, Taylor, Nate, Chris', 231523, 7527531, 0.99);
INSERT INTO tracks (id, name, album_id, media_type_id, composer, milliseconds, bytes, unit_price) VALUES (1022, 'Hey, Johnny Park!', 82, 1, 'Dave, Taylor, Nate, Chris', 248528, 8079480, 0.99);
INSERT INTO tracks (id, name, album_id, media_type_id, composer, milliseconds, bytes, unit_price) VALUES (1023, 'My Poor Brain', 82, 1, 'Dave, Taylor, Nate, Chris', 213446, 6973746, 0.99);
INSERT INTO tracks (id, name, album_id, media_type_id, composer, milliseconds, bytes, unit_price) VALUES (1024, 'Wind Up', 82, 1, 'Dave, Taylor, Nate, Chris', 152163, 4950667, 0.99);
INSERT INTO tracks (id, name, album_id, media_type_id, composer, milliseconds, bytes, unit_price) VALUES (1025, 'Up In Arms', 82, 1, 'Dave, Taylor, Nate, Chris', 135732, 4406227, 0.99);
INSERT INTO tracks (id, name, album_id, media_type_id, composer, milliseconds, bytes, unit_price) VALUES (1026, 'My Hero', 82, 1, 'Dave, Taylor, Nate, Chris', 260101, 8472365, 0.99);
INSERT INTO tracks (id, name, album_id, media_type_id, composer, milliseconds, bytes, unit_price) VALUES (1027, 'See You', 82, 1, 'Dave, Taylor, Nate, Chris', 146782, 4888173, 0.99);
INSERT INTO tracks (id, name, album_id, media_type_id, composer, milliseconds, bytes, unit_price) VALUES (1028, 'Enough Space', 82, 1, 'Dave Grohl', 157387, 5169280, 0.99);
INSERT INTO tracks (id, name, album_id, media_type_id, composer, milliseconds, bytes, unit_price) VALUES (1029, 'February Stars', 82, 1, 'Dave, Taylor, Nate, Chris', 289306, 9344875, 0.99);
INSERT INTO tracks (id, name, album_id, media_type_id, composer, milliseconds, bytes, unit_price) VALUES (1030, 'Everlong', 82, 1, 'Dave Grohl', 250749, 8270816, 0.99);
INSERT INTO tracks (id, name, album_id, media_type_id, composer, milliseconds, bytes, unit_price) VALUES (1031, 'Walking After You', 82, 1, 'Dave Grohl', 303856, 9898992, 0.99);
INSERT INTO tracks (id, name, album_id, media_type_id, composer, milliseconds, bytes, unit_price) VALUES (1032, 'New Way Home', 82, 1, 'Dave, Taylor, Nate, Chris', 342230, 11205664, 0.99);
INSERT INTO tracks (id, name, album_id, media_type_id, composer, milliseconds, bytes, unit_price) VALUES (1057, 'Entrando Na Sua (Intro)', 84, 1, NULL, 179252, 5840027, 0.99);
INSERT INTO tracks (id, name, album_id, media_type_id, composer, milliseconds, bytes, unit_price) VALUES (1058, 'Nervosa', 84, 1, NULL, 229537, 7680421, 0.99);
INSERT INTO tracks (id, name, album_id, media_type_id, composer, milliseconds, bytes, unit_price) VALUES (1059, 'Funk De Bamba (Com Fernanda Abreu)', 84, 1, NULL, 237191, 7866165, 0.99);
INSERT INTO tracks (id, name, album_id, media_type_id, composer, milliseconds, bytes, unit_price) VALUES (1060, 'Call Me At Cleo´s', 84, 1, NULL, 236617, 7920510, 0.99);
INSERT INTO tracks (id, name, album_id, media_type_id, composer, milliseconds, bytes, unit_price) VALUES (1061, 'Olhos Coloridos (Com Sandra De Sá)', 84, 1, NULL, 321332, 10567404, 0.99);
INSERT INTO tracks (id, name, album_id, media_type_id, composer, milliseconds, bytes, unit_price) VALUES (1062, 'Zambação', 84, 1, NULL, 301113, 10030604, 0.99);
INSERT INTO tracks (id, name, album_id, media_type_id, composer, milliseconds, bytes, unit_price) VALUES (1063, 'Funk Hum', 84, 1, NULL, 244453, 8084475, 0.99);
INSERT INTO tracks (id, name, album_id, media_type_id, composer, milliseconds, bytes, unit_price) VALUES (1064, 'Forty Days (Com DJ Hum)', 84, 1, NULL, 221727, 7347172, 0.99);
INSERT INTO tracks (id, name, album_id, media_type_id, composer, milliseconds, bytes, unit_price) VALUES (1065, 'Balada Da Paula', 84, 1, 'Emerson Villani', 322821, 10603717, 0.99);
INSERT INTO tracks (id, name, album_id, media_type_id, composer, milliseconds, bytes, unit_price) VALUES (1066, 'Dujji', 84, 1, NULL, 324597, 10833935, 0.99);
INSERT INTO tracks (id, name, album_id, media_type_id, composer, milliseconds, bytes, unit_price) VALUES (1067, 'Meu Guarda-Chuva', 84, 1, NULL, 248528, 8216625, 0.99);
INSERT INTO tracks (id, name, album_id, media_type_id, composer, milliseconds, bytes, unit_price) VALUES (1068, 'Motéis', 84, 1, NULL, 213498, 7041077, 0.99);
INSERT INTO tracks (id, name, album_id, media_type_id, composer, milliseconds, bytes, unit_price) VALUES (1069, 'Whistle Stop', 84, 1, NULL, 526132, 17533664, 0.99);
INSERT INTO tracks (id, name, album_id, media_type_id, composer, milliseconds, bytes, unit_price) VALUES (1070, '16 Toneladas', 84, 1, NULL, 191634, 6390885, 0.99);
INSERT INTO tracks (id, name, album_id, media_type_id, composer, milliseconds, bytes, unit_price) VALUES (1071, 'Divirta-Se (Saindo Da Sua)', 84, 1, NULL, 74919, 2439206, 0.99);
INSERT INTO tracks (id, name, album_id, media_type_id, composer, milliseconds, bytes, unit_price) VALUES (1072, 'Forty Days Instrumental', 84, 1, NULL, 292493, 9584317, 0.99);
INSERT INTO tracks (id, name, album_id, media_type_id, composer, milliseconds, bytes, unit_price) VALUES (1073, 'Óia Eu Aqui De Novo', 85, 1, NULL, 219454, 7469735, 0.99);
INSERT INTO tracks (id, name, album_id, media_type_id, composer, milliseconds, bytes, unit_price) VALUES (1074, 'Baião Da Penha', 85, 1, NULL, 247928, 8393047, 0.99);
INSERT INTO tracks (id, name, album_id, media_type_id, composer, milliseconds, bytes, unit_price) VALUES (1075, 'Esperando Na Janela', 85, 1, 'Manuca/Raimundinho DoAcordion/Targino Godim', 261041, 8660617, 0.99);
INSERT INTO tracks (id, name, album_id, media_type_id, composer, milliseconds, bytes, unit_price) VALUES (1076, 'Juazeiro', 85, 1, 'Humberto Teixeira/Luiz Gonzaga', 222275, 7349779, 0.99);
INSERT INTO tracks (id, name, album_id, media_type_id, composer, milliseconds, bytes, unit_price) VALUES (1077, 'Último Pau-De-Arara', 85, 1, 'Corumbá/José Gumarães/Venancio', 200437, 6638563, 0.99);
INSERT INTO tracks (id, name, album_id, media_type_id, composer, milliseconds, bytes, unit_price) VALUES (1078, 'Asa Branca', 85, 1, 'Humberto Teixeira/Luiz Gonzaga', 217051, 7387183, 0.99);
INSERT INTO tracks (id, name, album_id, media_type_id, composer, milliseconds, bytes, unit_price) VALUES (1079, 'Qui Nem Jiló', 85, 1, 'Humberto Teixeira/Luiz Gonzaga', 204695, 6937472, 0.99);
INSERT INTO tracks (id, name, album_id, media_type_id, composer, milliseconds, bytes, unit_price) VALUES (1080, 'Assum Preto', 85, 1, 'Humberto Teixeira/Luiz Gonzaga', 199653, 6625000, 0.99);
INSERT INTO tracks (id, name, album_id, media_type_id, composer, milliseconds, bytes, unit_price) VALUES (1081, 'Pau-De-Arara', 85, 1, 'Guio De Morais E Seus "Parentes"/Luiz Gonzaga', 191660, 6340649, 0.99);
INSERT INTO tracks (id, name, album_id, media_type_id, composer, milliseconds, bytes, unit_price) VALUES (1082, 'A Volta Da Asa Branca', 85, 1, 'Luiz Gonzaga/Zé Dantas', 271020, 9098093, 0.99);
INSERT INTO tracks (id, name, album_id, media_type_id, composer, milliseconds, bytes, unit_price) VALUES (1083, 'O Amor Daqui De Casa', 85, 1, 'Gilberto Gil', 148636, 4888292, 0.99);
INSERT INTO tracks (id, name, album_id, media_type_id, composer, milliseconds, bytes, unit_price) VALUES (1084, 'As Pegadas Do Amor', 85, 1, 'Gilberto Gil', 209136, 6899062, 0.99);
INSERT INTO tracks (id, name, album_id, media_type_id, composer, milliseconds, bytes, unit_price) VALUES (1085, 'Lamento Sertanejo', 85, 1, 'Dominguinhos/Gilberto Gil', 260963, 8518290, 0.99);
INSERT INTO tracks (id, name, album_id, media_type_id, composer, milliseconds, bytes, unit_price) VALUES (1086, 'Casinha Feliz', 85, 1, 'Gilberto Gil', 32287, 1039615, 0.99);
INSERT INTO tracks (id, name, album_id, media_type_id, composer, milliseconds, bytes, unit_price) VALUES (1087, 'Introdução (Live)', 86, 1, NULL, 154096, 5227579, 0.99);
INSERT INTO tracks (id, name, album_id, media_type_id, composer, milliseconds, bytes, unit_price) VALUES (1088, 'Palco (Live)', 86, 1, NULL, 238315, 8026622, 0.99);
INSERT INTO tracks (id, name, album_id, media_type_id, composer, milliseconds, bytes, unit_price) VALUES (1089, 'Is This Love (Live)', 86, 1, NULL, 295262, 9819759, 0.99);
INSERT INTO tracks (id, name, album_id, media_type_id, composer, milliseconds, bytes, unit_price) VALUES (1090, 'Stir It Up (Live)', 86, 1, NULL, 282409, 9594738, 0.99);
INSERT INTO tracks (id, name, album_id, media_type_id, composer, milliseconds, bytes, unit_price) VALUES (1091, 'Refavela (Live)', 86, 1, NULL, 236695, 7985305, 0.99);
INSERT INTO tracks (id, name, album_id, media_type_id, composer, milliseconds, bytes, unit_price) VALUES (1092, 'Vendedor De Caranguejo (Live)', 86, 1, NULL, 248842, 8358128, 0.99);
INSERT INTO tracks (id, name, album_id, media_type_id, composer, milliseconds, bytes, unit_price) VALUES (1093, 'Quanta (Live)', 86, 1, NULL, 357485, 11774865, 0.99);
INSERT INTO tracks (id, name, album_id, media_type_id, composer, milliseconds, bytes, unit_price) VALUES (1094, 'Estrela (Live)', 86, 1, NULL, 285309, 9436411, 0.99);
INSERT INTO tracks (id, name, album_id, media_type_id, composer, milliseconds, bytes, unit_price) VALUES (1095, 'Pela Internet (Live)', 86, 1, NULL, 263471, 8804401, 0.99);
INSERT INTO tracks (id, name, album_id, media_type_id, composer, milliseconds, bytes, unit_price) VALUES (1096, 'Cérebro Eletrônico (Live)', 86, 1, NULL, 231627, 7805352, 0.99);
INSERT INTO tracks (id, name, album_id, media_type_id, composer, milliseconds, bytes, unit_price) VALUES (1097, 'Opachorô (Live)', 86, 1, NULL, 259526, 8596384, 0.99);
INSERT INTO tracks (id, name, album_id, media_type_id, composer, milliseconds, bytes, unit_price) VALUES (1098, 'Copacabana (Live)', 86, 1, NULL, 289671, 9673672, 0.99);
INSERT INTO tracks (id, name, album_id, media_type_id, composer, milliseconds, bytes, unit_price) VALUES (1099, 'A Novidade (Live)', 86, 1, NULL, 316969, 10508000, 0.99);
INSERT INTO tracks (id, name, album_id, media_type_id, composer, milliseconds, bytes, unit_price) VALUES (1100, 'Ghandi (Live)', 86, 1, NULL, 222458, 7481950, 0.99);
INSERT INTO tracks (id, name, album_id, media_type_id, composer, milliseconds, bytes, unit_price) VALUES (1101, 'De Ouro E Marfim (Live)', 86, 1, NULL, 234971, 7838453, 0.99);
INSERT INTO tracks (id, name, album_id, media_type_id, composer, milliseconds, bytes, unit_price) VALUES (1102, 'Doce De Carnaval (Candy All)', 87, 1, NULL, 356101, 11998470, 0.99);
INSERT INTO tracks (id, name, album_id, media_type_id, composer, milliseconds, bytes, unit_price) VALUES (1103, 'Lamento De Carnaval', 87, 1, NULL, 294530, 9819276, 0.99);
INSERT INTO tracks (id, name, album_id, media_type_id, composer, milliseconds, bytes, unit_price) VALUES (1104, 'Pretinha', 87, 1, NULL, 265273, 8914579, 0.99);
INSERT INTO tracks (id, name, album_id, media_type_id, composer, milliseconds, bytes, unit_price) VALUES (1105, 'A Novidade', 73, 1, 'Gilberto Gil', 324780, 10765600, 0.99);
INSERT INTO tracks (id, name, album_id, media_type_id, composer, milliseconds, bytes, unit_price) VALUES (1106, 'Tenho Sede', 73, 1, 'Gilberto Gil', 261616, 8708114, 0.99);
INSERT INTO tracks (id, name, album_id, media_type_id, composer, milliseconds, bytes, unit_price) VALUES (1107, 'Refazenda', 73, 1, 'Gilberto Gil', 218305, 7237784, 0.99);
INSERT INTO tracks (id, name, album_id, media_type_id, composer, milliseconds, bytes, unit_price) VALUES (1108, 'Realce', 73, 1, 'Gilberto Gil', 264489, 8847612, 0.99);
INSERT INTO tracks (id, name, album_id, media_type_id, composer, milliseconds, bytes, unit_price) VALUES (1109, 'Esotérico', 73, 1, 'Gilberto Gil', 317779, 10530533, 0.99);
INSERT INTO tracks (id, name, album_id, media_type_id, composer, milliseconds, bytes, unit_price) VALUES (1110, 'Drão', 73, 1, 'Gilberto Gil', 301453, 9931950, 0.99);
INSERT INTO tracks (id, name, album_id, media_type_id, composer, milliseconds, bytes, unit_price) VALUES (1111, 'A Paz', 73, 1, 'Gilberto Gil', 293093, 9593064, 0.99);
INSERT INTO tracks (id, name, album_id, media_type_id, composer, milliseconds, bytes, unit_price) VALUES (1112, 'Beira Mar', 73, 1, 'Gilberto Gil', 295444, 9597994, 0.99);
INSERT INTO tracks (id, name, album_id, media_type_id, composer, milliseconds, bytes, unit_price) VALUES (1113, 'Sampa', 73, 1, 'Gilberto Gil', 225697, 7469905, 0.99);
INSERT INTO tracks (id, name, album_id, media_type_id, composer, milliseconds, bytes, unit_price) VALUES (1114, 'Parabolicamará', 73, 1, 'Gilberto Gil', 284943, 9543435, 0.99);
INSERT INTO tracks (id, name, album_id, media_type_id, composer, milliseconds, bytes, unit_price) VALUES (1115, 'Tempo Rei', 73, 1, 'Gilberto Gil', 302733, 10019269, 0.99);
INSERT INTO tracks (id, name, album_id, media_type_id, composer, milliseconds, bytes, unit_price) VALUES (1116, 'Expresso 2222', 73, 1, 'Gilberto Gil', 284760, 9690577, 0.99);
INSERT INTO tracks (id, name, album_id, media_type_id, composer, milliseconds, bytes, unit_price) VALUES (1117, 'Aquele Abraço', 73, 1, 'Gilberto Gil', 263993, 8805003, 0.99);
INSERT INTO tracks (id, name, album_id, media_type_id, composer, milliseconds, bytes, unit_price) VALUES (1118, 'Palco', 73, 1, 'Gilberto Gil', 270550, 9049901, 0.99);
INSERT INTO tracks (id, name, album_id, media_type_id, composer, milliseconds, bytes, unit_price) VALUES (1119, 'Toda Menina Baiana', 73, 1, 'Gilberto Gil', 278177, 9351000, 0.99);
INSERT INTO tracks (id, name, album_id, media_type_id, composer, milliseconds, bytes, unit_price) VALUES (1120, 'Sítio Do Pica-Pau Amarelo', 73, 1, 'Gilberto Gil', 218070, 7217955, 0.99);
INSERT INTO tracks (id, name, album_id, media_type_id, composer, milliseconds, bytes, unit_price) VALUES (1121, 'Straight Out Of Line', 88, 1, 'Sully Erna', 259213, 8511877, 0.99);
INSERT INTO tracks (id, name, album_id, media_type_id, composer, milliseconds, bytes, unit_price) VALUES (1122, 'Faceless', 88, 1, 'Sully Erna', 216006, 6992417, 0.99);
INSERT INTO tracks (id, name, album_id, media_type_id, composer, milliseconds, bytes, unit_price) VALUES (1123, 'Changes', 88, 1, 'Sully Erna; Tony Rombola', 260022, 8455835, 0.99);
INSERT INTO tracks (id, name, album_id, media_type_id, composer, milliseconds, bytes, unit_price) VALUES (1124, 'Make Me Believe', 88, 1, 'Sully Erna', 248607, 8075050, 0.99);
INSERT INTO tracks (id, name, album_id, media_type_id, composer, milliseconds, bytes, unit_price) VALUES (1125, 'I Stand Alone', 88, 1, 'Sully Erna', 246125, 8017041, 0.99);
INSERT INTO tracks (id, name, album_id, media_type_id, composer, milliseconds, bytes, unit_price) VALUES (1126, 'Re-Align', 88, 1, 'Sully Erna', 260884, 8513891, 0.99);
INSERT INTO tracks (id, name, album_id, media_type_id, composer, milliseconds, bytes, unit_price) VALUES (1127, 'I Fucking Hate You', 88, 1, 'Sully Erna', 247170, 8059642, 0.99);
INSERT INTO tracks (id, name, album_id, media_type_id, composer, milliseconds, bytes, unit_price) VALUES (1128, 'Releasing The Demons', 88, 1, 'Sully Erna', 252760, 8276372, 0.99);
INSERT INTO tracks (id, name, album_id, media_type_id, composer, milliseconds, bytes, unit_price) VALUES (1129, 'Dead And Broken', 88, 1, 'Sully Erna', 251454, 8206611, 0.99);
INSERT INTO tracks (id, name, album_id, media_type_id, composer, milliseconds, bytes, unit_price) VALUES (1130, 'I Am', 88, 1, 'Sully Erna', 239516, 7803270, 0.99);
INSERT INTO tracks (id, name, album_id, media_type_id, composer, milliseconds, bytes, unit_price) VALUES (1131, 'The Awakening', 88, 1, 'Sully Erna', 89547, 3035251, 0.99);
INSERT INTO tracks (id, name, album_id, media_type_id, composer, milliseconds, bytes, unit_price) VALUES (1132, 'Serenity', 88, 1, 'Sully Erna; Tony Rombola', 274834, 9172976, 0.99);
INSERT INTO tracks (id, name, album_id, media_type_id, composer, milliseconds, bytes, unit_price) VALUES (1133, 'American Idiot', 89, 1, 'Billie Joe Armstrong, Mike Dirnt, Tré Cool', 174419, 5705793, 0.99);
INSERT INTO tracks (id, name, album_id, media_type_id, composer, milliseconds, bytes, unit_price) VALUES (1134, 'Jesus Of Suburbia / City Of The Damned / I Don''t Care / Dearly Beloved / Tales Of Another Broken Home', 89, 1, 'Billie Joe Armstrong/Green Day', 548336, 17875209, 0.99);
INSERT INTO tracks (id, name, album_id, media_type_id, composer, milliseconds, bytes, unit_price) VALUES (1135, 'Holiday', 89, 1, 'Billie Joe Armstrong, Mike Dirnt, Tré Cool', 232724, 7599602, 0.99);
INSERT INTO tracks (id, name, album_id, media_type_id, composer, milliseconds, bytes, unit_price) VALUES (1136, 'Boulevard Of Broken Dreams', 89, 1, 'Mike Dint, Billie Joe, Tré Cool', 260858, 8485122, 0.99);
INSERT INTO tracks (id, name, album_id, media_type_id, composer, milliseconds, bytes, unit_price) VALUES (1137, 'Are We The Waiting', 89, 1, 'Green Day', 163004, 5328329, 0.99);
INSERT INTO tracks (id, name, album_id, media_type_id, composer, milliseconds, bytes, unit_price) VALUES (1138, 'St. Jimmy', 89, 1, 'Green Day', 175307, 5716589, 0.99);
INSERT INTO tracks (id, name, album_id, media_type_id, composer, milliseconds, bytes, unit_price) VALUES (1139, 'Give Me Novacaine', 89, 1, 'Green Day', 205871, 6752485, 0.99);
INSERT INTO tracks (id, name, album_id, media_type_id, composer, milliseconds, bytes, unit_price) VALUES (1140, 'She''s A Rebel', 89, 1, 'Green Day', 120528, 3901226, 0.99);
INSERT INTO tracks (id, name, album_id, media_type_id, composer, milliseconds, bytes, unit_price) VALUES (1141, 'Extraordinary Girl', 89, 1, 'Green Day', 214021, 6975177, 0.99);
INSERT INTO tracks (id, name, album_id, media_type_id, composer, milliseconds, bytes, unit_price) VALUES (1142, 'Letterbomb', 89, 1, 'Green Day', 246151, 7980902, 0.99);
INSERT INTO tracks (id, name, album_id, media_type_id, composer, milliseconds, bytes, unit_price) VALUES (1143, 'Wake Me Up When September Ends', 89, 1, 'Mike Dint, Billie Joe, Tré Cool', 285753, 9325597, 0.99);
INSERT INTO tracks (id, name, album_id, media_type_id, composer, milliseconds, bytes, unit_price) VALUES (1144, 'Homecoming / The Death Of St. Jimmy / East 12th St. / Nobody Likes You / Rock And Roll Girlfriend / We''re Coming Home Again', 89, 1, 'Mike Dirnt/Tré Cool', 558602, 18139840, 0.99);
INSERT INTO tracks (id, name, album_id, media_type_id, composer, milliseconds, bytes, unit_price) VALUES (1145, 'Whatsername', 89, 1, 'Green Day', 252316, 8244843, 0.99);
INSERT INTO tracks (id, name, album_id, media_type_id, composer, milliseconds, bytes, unit_price) VALUES (1146, 'Welcome to the Jungle', 90, 2, NULL, 273552, 4538451, 0.99);
INSERT INTO tracks (id, name, album_id, media_type_id, composer, milliseconds, bytes, unit_price) VALUES (1147, 'It''s So Easy', 90, 2, NULL, 202824, 3394019, 0.99);
INSERT INTO tracks (id, name, album_id, media_type_id, composer, milliseconds, bytes, unit_price) VALUES (1148, 'Nightrain', 90, 2, NULL, 268537, 4457283, 0.99);
INSERT INTO tracks (id, name, album_id, media_type_id, composer, milliseconds, bytes, unit_price) VALUES (1149, 'Out Ta Get Me', 90, 2, NULL, 263893, 4382147, 0.99);
INSERT INTO tracks (id, name, album_id, media_type_id, composer, milliseconds, bytes, unit_price) VALUES (1150, 'Mr. Brownstone', 90, 2, NULL, 228924, 3816323, 0.99);
INSERT INTO tracks (id, name, album_id, media_type_id, composer, milliseconds, bytes, unit_price) VALUES (1151, 'Paradise City', 90, 2, NULL, 406347, 6687123, 0.99);
INSERT INTO tracks (id, name, album_id, media_type_id, composer, milliseconds, bytes, unit_price) VALUES (1152, 'My Michelle', 90, 2, NULL, 219961, 3671299, 0.99);
INSERT INTO tracks (id, name, album_id, media_type_id, composer, milliseconds, bytes, unit_price) VALUES (1153, 'Think About You', 90, 2, NULL, 231640, 3860275, 0.99);
INSERT INTO tracks (id, name, album_id, media_type_id, composer, milliseconds, bytes, unit_price) VALUES (1154, 'Sweet Child O'' Mine', 90, 2, NULL, 356424, 5879347, 0.99);
INSERT INTO tracks (id, name, album_id, media_type_id, composer, milliseconds, bytes, unit_price) VALUES (1155, 'You''re Crazy', 90, 2, NULL, 197135, 3301971, 0.99);
INSERT INTO tracks (id, name, album_id, media_type_id, composer, milliseconds, bytes, unit_price) VALUES (1156, 'Anything Goes', 90, 2, NULL, 206400, 3451891, 0.99);
INSERT INTO tracks (id, name, album_id, media_type_id, composer, milliseconds, bytes, unit_price) VALUES (1157, 'Rocket Queen', 90, 2, NULL, 375349, 6185539, 0.99);
INSERT INTO tracks (id, name, album_id, media_type_id, composer, milliseconds, bytes, unit_price) VALUES (1158, 'Right Next Door to Hell', 91, 2, NULL, 182321, 3175950, 0.99);
INSERT INTO tracks (id, name, album_id, media_type_id, composer, milliseconds, bytes, unit_price) VALUES (1159, 'Dust N'' Bones', 91, 2, NULL, 298374, 5053742, 0.99);
INSERT INTO tracks (id, name, album_id, media_type_id, composer, milliseconds, bytes, unit_price) VALUES (1160, 'Live and Let Die', 91, 2, NULL, 184016, 3203390, 0.99);
INSERT INTO tracks (id, name, album_id, media_type_id, composer, milliseconds, bytes, unit_price) VALUES (1161, 'Don''t Cry (Original)', 91, 2, NULL, 284744, 4833259, 0.99);
INSERT INTO tracks (id, name, album_id, media_type_id, composer, milliseconds, bytes, unit_price) VALUES (1162, 'Perfect Crime', 91, 2, NULL, 143637, 2550030, 0.99);
INSERT INTO tracks (id, name, album_id, media_type_id, composer, milliseconds, bytes, unit_price) VALUES (1163, 'You Ain''t the First', 91, 2, NULL, 156268, 2754414, 0.99);
INSERT INTO tracks (id, name, album_id, media_type_id, composer, milliseconds, bytes, unit_price) VALUES (1164, 'Bad Obsession', 91, 2, NULL, 328282, 5537678, 0.99);
INSERT INTO tracks (id, name, album_id, media_type_id, composer, milliseconds, bytes, unit_price) VALUES (1165, 'Back off Bitch', 91, 2, NULL, 303436, 5135662, 0.99);
INSERT INTO tracks (id, name, album_id, media_type_id, composer, milliseconds, bytes, unit_price) VALUES (1166, 'Double Talkin'' Jive', 91, 2, NULL, 203637, 3520862, 0.99);
INSERT INTO tracks (id, name, album_id, media_type_id, composer, milliseconds, bytes, unit_price) VALUES (1167, 'November Rain', 91, 2, NULL, 537540, 8923566, 0.99);
INSERT INTO tracks (id, name, album_id, media_type_id, composer, milliseconds, bytes, unit_price) VALUES (1168, 'The Garden', 91, 2, NULL, 322175, 5438862, 0.99);
INSERT INTO tracks (id, name, album_id, media_type_id, composer, milliseconds, bytes, unit_price) VALUES (1169, 'Garden of Eden', 91, 2, NULL, 161539, 2839694, 0.99);
INSERT INTO tracks (id, name, album_id, media_type_id, composer, milliseconds, bytes, unit_price) VALUES (1170, 'Don''t Damn Me', 91, 2, NULL, 318901, 5385886, 0.99);
INSERT INTO tracks (id, name, album_id, media_type_id, composer, milliseconds, bytes, unit_price) VALUES (1171, 'Bad Apples', 91, 2, NULL, 268351, 4567966, 0.99);
INSERT INTO tracks (id, name, album_id, media_type_id, composer, milliseconds, bytes, unit_price) VALUES (1172, 'Dead Horse', 91, 2, NULL, 257600, 4394014, 0.99);
INSERT INTO tracks (id, name, album_id, media_type_id, composer, milliseconds, bytes, unit_price) VALUES (1173, 'Coma', 91, 2, NULL, 616511, 10201342, 0.99);
INSERT INTO tracks (id, name, album_id, media_type_id, composer, milliseconds, bytes, unit_price) VALUES (1174, 'Civil War', 92, 1, 'Duff McKagan/Slash/W. Axl Rose', 461165, 15046579, 0.99);
INSERT INTO tracks (id, name, album_id, media_type_id, composer, milliseconds, bytes, unit_price) VALUES (1175, '14 Years', 92, 1, 'Izzy Stradlin''/W. Axl Rose', 261355, 8543664, 0.99);
INSERT INTO tracks (id, name, album_id, media_type_id, composer, milliseconds, bytes, unit_price) VALUES (1176, 'Yesterdays', 92, 1, 'Billy/Del James/W. Axl Rose/West Arkeen', 196205, 6398489, 0.99);
INSERT INTO tracks (id, name, album_id, media_type_id, composer, milliseconds, bytes, unit_price) VALUES (1177, 'Knockin'' On Heaven''s Door', 92, 1, 'Bob Dylan', 336457, 10986716, 0.99);
INSERT INTO tracks (id, name, album_id, media_type_id, composer, milliseconds, bytes, unit_price) VALUES (1178, 'Get In The Ring', 92, 1, 'Duff McKagan/Slash/W. Axl Rose', 341054, 11134105, 0.99);
INSERT INTO tracks (id, name, album_id, media_type_id, composer, milliseconds, bytes, unit_price) VALUES (1179, 'Shotgun Blues', 92, 1, 'W. Axl Rose', 203206, 6623916, 0.99);
INSERT INTO tracks (id, name, album_id, media_type_id, composer, milliseconds, bytes, unit_price) VALUES (1180, 'Breakdown', 92, 1, 'W. Axl Rose', 424960, 13978284, 0.99);
INSERT INTO tracks (id, name, album_id, media_type_id, composer, milliseconds, bytes, unit_price) VALUES (1181, 'Pretty Tied Up', 92, 1, 'Izzy Stradlin''', 287477, 9408754, 0.99);
INSERT INTO tracks (id, name, album_id, media_type_id, composer, milliseconds, bytes, unit_price) VALUES (1182, 'Locomotive', 92, 1, 'Slash/W. Axl Rose', 522396, 17236842, 0.99);
INSERT INTO tracks (id, name, album_id, media_type_id, composer, milliseconds, bytes, unit_price) VALUES (1183, 'So Fine', 92, 1, 'Duff McKagan', 246491, 8039484, 0.99);
INSERT INTO tracks (id, name, album_id, media_type_id, composer, milliseconds, bytes, unit_price) VALUES (1184, 'Estranged', 92, 1, 'W. Axl Rose', 563800, 18343787, 0.99);
INSERT INTO tracks (id, name, album_id, media_type_id, composer, milliseconds, bytes, unit_price) VALUES (1185, 'You Could Be Mine', 92, 1, 'Izzy Stradlin''/W. Axl Rose', 343875, 11207355, 0.99);
INSERT INTO tracks (id, name, album_id, media_type_id, composer, milliseconds, bytes, unit_price) VALUES (1186, 'Don''t Cry', 92, 1, 'Izzy Stradlin''/W. Axl Rose', 284238, 9222458, 0.99);
INSERT INTO tracks (id, name, album_id, media_type_id, composer, milliseconds, bytes, unit_price) VALUES (1187, 'My World', 92, 1, 'W. Axl Rose', 84532, 2764045, 0.99);
INSERT INTO tracks (id, name, album_id, media_type_id, composer, milliseconds, bytes, unit_price) VALUES (1188, 'Colibri', 93, 1, 'Richard Bull', 361012, 12055329, 0.99);
INSERT INTO tracks (id, name, album_id, media_type_id, composer, milliseconds, bytes, unit_price) VALUES (1189, 'Love Is The Colour', 93, 1, 'R. Carless', 251585, 8419165, 0.99);
INSERT INTO tracks (id, name, album_id, media_type_id, composer, milliseconds, bytes, unit_price) VALUES (1190, 'Magnetic Ocean', 93, 1, 'Patrick Claher/Richard Bull', 321123, 10720741, 0.99);
INSERT INTO tracks (id, name, album_id, media_type_id, composer, milliseconds, bytes, unit_price) VALUES (1191, 'Deep Waters', 93, 1, 'Richard Bull', 396460, 13075359, 0.99);
INSERT INTO tracks (id, name, album_id, media_type_id, composer, milliseconds, bytes, unit_price) VALUES (1192, 'L''Arc En Ciel De Miles', 93, 1, 'Kevin Robinson/Richard Bull', 242390, 8053997, 0.99);
INSERT INTO tracks (id, name, album_id, media_type_id, composer, milliseconds, bytes, unit_price) VALUES (1193, 'Gypsy', 93, 1, 'Kevin Robinson', 330997, 11083374, 0.99);
INSERT INTO tracks (id, name, album_id, media_type_id, composer, milliseconds, bytes, unit_price) VALUES (1194, 'Journey Into Sunlight', 93, 1, 'Jean Paul Maunick', 249756, 8241177, 0.99);
INSERT INTO tracks (id, name, album_id, media_type_id, composer, milliseconds, bytes, unit_price) VALUES (1195, 'Sunchild', 93, 1, 'Graham Harvey', 259970, 8593143, 0.99);
INSERT INTO tracks (id, name, album_id, media_type_id, composer, milliseconds, bytes, unit_price) VALUES (1196, 'Millenium', 93, 1, 'Maxton Gig Beesley Jnr.', 379167, 12511939, 0.99);
INSERT INTO tracks (id, name, album_id, media_type_id, composer, milliseconds, bytes, unit_price) VALUES (1197, 'Thinking ''Bout Tomorrow', 93, 1, 'Fayyaz Virgi/Richard Bull', 355395, 11865384, 0.99);
INSERT INTO tracks (id, name, album_id, media_type_id, composer, milliseconds, bytes, unit_price) VALUES (1198, 'Jacob''s Ladder', 93, 1, 'Julian Crampton', 367647, 12201595, 0.99);
INSERT INTO tracks (id, name, album_id, media_type_id, composer, milliseconds, bytes, unit_price) VALUES (1199, 'She Wears Black', 93, 1, 'G Harvey/R Hope-Taylor', 528666, 17617944, 0.99);
INSERT INTO tracks (id, name, album_id, media_type_id, composer, milliseconds, bytes, unit_price) VALUES (1200, 'Dark Side Of The Cog', 93, 1, 'Jean Paul Maunick', 377155, 12491122, 0.99);
INSERT INTO tracks (id, name, album_id, media_type_id, composer, milliseconds, bytes, unit_price) VALUES (1201, 'Different World', 94, 2, NULL, 258692, 4383764, 0.99);
INSERT INTO tracks (id, name, album_id, media_type_id, composer, milliseconds, bytes, unit_price) VALUES (1202, 'These Colours Don''t Run', 94, 2, NULL, 412152, 6883500, 0.99);
INSERT INTO tracks (id, name, album_id, media_type_id, composer, milliseconds, bytes, unit_price) VALUES (1203, 'Brighter Than a Thousand Suns', 94, 2, NULL, 526255, 8721490, 0.99);
INSERT INTO tracks (id, name, album_id, media_type_id, composer, milliseconds, bytes, unit_price) VALUES (1204, 'The Pilgrim', 94, 2, NULL, 307593, 5172144, 0.99);
INSERT INTO tracks (id, name, album_id, media_type_id, composer, milliseconds, bytes, unit_price) VALUES (1205, 'The Longest Day', 94, 2, NULL, 467810, 7785748, 0.99);
INSERT INTO tracks (id, name, album_id, media_type_id, composer, milliseconds, bytes, unit_price) VALUES (1206, 'Out of the Shadows', 94, 2, NULL, 336896, 5647303, 0.99);
INSERT INTO tracks (id, name, album_id, media_type_id, composer, milliseconds, bytes, unit_price) VALUES (1207, 'The Reincarnation of Benjamin Breeg', 94, 2, NULL, 442106, 7367736, 0.99);
INSERT INTO tracks (id, name, album_id, media_type_id, composer, milliseconds, bytes, unit_price) VALUES (1208, 'For the Greater Good of God', 94, 2, NULL, 564893, 9367328, 0.99);
INSERT INTO tracks (id, name, album_id, media_type_id, composer, milliseconds, bytes, unit_price) VALUES (1209, 'Lord of Light', 94, 2, NULL, 444614, 7393698, 0.99);
INSERT INTO tracks (id, name, album_id, media_type_id, composer, milliseconds, bytes, unit_price) VALUES (1210, 'The Legacy', 94, 2, NULL, 562966, 9314287, 0.99);
INSERT INTO tracks (id, name, album_id, media_type_id, composer, milliseconds, bytes, unit_price) VALUES (1211, 'Hallowed Be Thy Name (Live) [Non Album Bonus Track]', 94, 2, NULL, 431262, 7205816, 0.99);
INSERT INTO tracks (id, name, album_id, media_type_id, composer, milliseconds, bytes, unit_price) VALUES (1212, 'The Number Of The Beast', 95, 1, 'Steve Harris', 294635, 4718897, 0.99);
INSERT INTO tracks (id, name, album_id, media_type_id, composer, milliseconds, bytes, unit_price) VALUES (1213, 'The Trooper', 95, 1, 'Steve Harris', 235311, 3766272, 0.99);
INSERT INTO tracks (id, name, album_id, media_type_id, composer, milliseconds, bytes, unit_price) VALUES (1214, 'Prowler', 95, 1, 'Steve Harris', 255634, 4091904, 0.99);
INSERT INTO tracks (id, name, album_id, media_type_id, composer, milliseconds, bytes, unit_price) VALUES (1215, 'Transylvania', 95, 1, 'Steve Harris', 265874, 4255744, 0.99);
INSERT INTO tracks (id, name, album_id, media_type_id, composer, milliseconds, bytes, unit_price) VALUES (1216, 'Remember Tomorrow', 95, 1, 'Paul Di''Anno/Steve Harris', 352731, 5648438, 0.99);
INSERT INTO tracks (id, name, album_id, media_type_id, composer, milliseconds, bytes, unit_price) VALUES (1217, 'Where Eagles Dare', 95, 1, 'Steve Harris', 289358, 4630528, 0.99);
INSERT INTO tracks (id, name, album_id, media_type_id, composer, milliseconds, bytes, unit_price) VALUES (1218, 'Sanctuary', 95, 1, 'David Murray/Paul Di''Anno/Steve Harris', 293250, 4694016, 0.99);
INSERT INTO tracks (id, name, album_id, media_type_id, composer, milliseconds, bytes, unit_price) VALUES (1219, 'Running Free', 95, 1, 'Paul Di''Anno/Steve Harris', 228937, 3663872, 0.99);
INSERT INTO tracks (id, name, album_id, media_type_id, composer, milliseconds, bytes, unit_price) VALUES (1220, 'Run To The Hilss', 95, 1, 'Steve Harris', 237557, 3803136, 0.99);
INSERT INTO tracks (id, name, album_id, media_type_id, composer, milliseconds, bytes, unit_price) VALUES (1221, '2 Minutes To Midnight', 95, 1, 'Adrian Smith/Bruce Dickinson', 337423, 5400576, 0.99);
INSERT INTO tracks (id, name, album_id, media_type_id, composer, milliseconds, bytes, unit_price) VALUES (1222, 'Iron Maiden', 95, 1, 'Steve Harris', 324623, 5195776, 0.99);
INSERT INTO tracks (id, name, album_id, media_type_id, composer, milliseconds, bytes, unit_price) VALUES (1223, 'Hallowed Be Thy Name', 95, 1, 'Steve Harris', 471849, 7550976, 0.99);
INSERT INTO tracks (id, name, album_id, media_type_id, composer, milliseconds, bytes, unit_price) VALUES (1224, 'Be Quick Or Be Dead', 96, 1, 'Bruce Dickinson/Janick Gers', 196911, 3151872, 0.99);
INSERT INTO tracks (id, name, album_id, media_type_id, composer, milliseconds, bytes, unit_price) VALUES (1225, 'From Here To Eternity', 96, 1, 'Steve Harris', 259866, 4159488, 0.99);
INSERT INTO tracks (id, name, album_id, media_type_id, composer, milliseconds, bytes, unit_price) VALUES (1226, 'Can I Play With Madness', 96, 1, 'Adrian Smith/Bruce Dickinson/Steve Harris', 282488, 4521984, 0.99);
INSERT INTO tracks (id, name, album_id, media_type_id, composer, milliseconds, bytes, unit_price) VALUES (1227, 'Wasting Love', 96, 1, 'Bruce Dickinson/Janick Gers', 347846, 5566464, 0.99);
INSERT INTO tracks (id, name, album_id, media_type_id, composer, milliseconds, bytes, unit_price) VALUES (1228, 'Tailgunner', 96, 1, 'Bruce Dickinson/Steve Harris', 249469, 3993600, 0.99);
INSERT INTO tracks (id, name, album_id, media_type_id, composer, milliseconds, bytes, unit_price) VALUES (1229, 'The Evil That Men Do', 96, 1, 'Adrian Smith/Bruce Dickinson/Steve Harris', 325929, 5216256, 0.99);
INSERT INTO tracks (id, name, album_id, media_type_id, composer, milliseconds, bytes, unit_price) VALUES (1230, 'Afraid To Shoot Strangers', 96, 1, 'Steve Harris', 407980, 6529024, 0.99);
INSERT INTO tracks (id, name, album_id, media_type_id, composer, milliseconds, bytes, unit_price) VALUES (1231, 'Bring Your Daughter... To The Slaughter', 96, 1, 'Bruce Dickinson', 317727, 5085184, 0.99);
INSERT INTO tracks (id, name, album_id, media_type_id, composer, milliseconds, bytes, unit_price) VALUES (1232, 'Heaven Can Wait', 96, 1, 'Steve Harris', 448574, 7178240, 0.99);
INSERT INTO tracks (id, name, album_id, media_type_id, composer, milliseconds, bytes, unit_price) VALUES (1233, 'The Clairvoyant', 96, 1, 'Steve Harris', 269871, 4319232, 0.99);
INSERT INTO tracks (id, name, album_id, media_type_id, composer, milliseconds, bytes, unit_price) VALUES (1234, 'Fear Of The Dark', 96, 1, 'Steve Harris', 431333, 6906078, 0.99);
INSERT INTO tracks (id, name, album_id, media_type_id, composer, milliseconds, bytes, unit_price) VALUES (1235, 'The Wicker Man', 97, 1, 'Adrian Smith/Bruce Dickinson/Steve Harris', 275539, 11022464, 0.99);
INSERT INTO tracks (id, name, album_id, media_type_id, composer, milliseconds, bytes, unit_price) VALUES (1236, 'Ghost Of The Navigator', 97, 1, 'Bruce Dickinson/Janick Gers/Steve Harris', 410070, 16404608, 0.99);
INSERT INTO tracks (id, name, album_id, media_type_id, composer, milliseconds, bytes, unit_price) VALUES (1237, 'Brave New World', 97, 1, 'Bruce Dickinson/David Murray/Steve Harris', 378984, 15161472, 0.99);
INSERT INTO tracks (id, name, album_id, media_type_id, composer, milliseconds, bytes, unit_price) VALUES (1238, 'Blood Brothers', 97, 1, 'Steve Harris', 434442, 17379456, 0.99);
INSERT INTO tracks (id, name, album_id, media_type_id, composer, milliseconds, bytes, unit_price) VALUES (1239, 'The Mercenary', 97, 1, 'Janick Gers/Steve Harris', 282488, 11300992, 0.99);
INSERT INTO tracks (id, name, album_id, media_type_id, composer, milliseconds, bytes, unit_price) VALUES (1240, 'Dream Of Mirrors', 97, 1, 'Janick Gers/Steve Harris', 561162, 22448256, 0.99);
INSERT INTO tracks (id, name, album_id, media_type_id, composer, milliseconds, bytes, unit_price) VALUES (1241, 'The Fallen Angel', 97, 1, 'Adrian Smith/Steve Harris', 240718, 9629824, 0.99);
INSERT INTO tracks (id, name, album_id, media_type_id, composer, milliseconds, bytes, unit_price) VALUES (1242, 'The Nomad', 97, 1, 'David Murray/Steve Harris', 546115, 21846144, 0.99);
INSERT INTO tracks (id, name, album_id, media_type_id, composer, milliseconds, bytes, unit_price) VALUES (1243, 'Out Of The Silent Planet', 97, 1, 'Bruce Dickinson/Janick Gers/Steve Harris', 385541, 15423616, 0.99);
INSERT INTO tracks (id, name, album_id, media_type_id, composer, milliseconds, bytes, unit_price) VALUES (1244, 'The Thin Line Between Love & Hate', 97, 1, 'David Murray/Steve Harris', 506801, 20273280, 0.99);
INSERT INTO tracks (id, name, album_id, media_type_id, composer, milliseconds, bytes, unit_price) VALUES (1256, 'Be Quick Or Be Dead', 99, 1, 'Bruce Dickinson/Janick Gers', 204512, 8181888, 0.99);
INSERT INTO tracks (id, name, album_id, media_type_id, composer, milliseconds, bytes, unit_price) VALUES (1257, 'From Here To Eternity', 99, 1, 'Steve Harris', 218357, 8739038, 0.99);
INSERT INTO tracks (id, name, album_id, media_type_id, composer, milliseconds, bytes, unit_price) VALUES (1258, 'Afraid To Shoot Strangers', 99, 1, 'Steve Harris', 416496, 16664589, 0.99);
INSERT INTO tracks (id, name, album_id, media_type_id, composer, milliseconds, bytes, unit_price) VALUES (1259, 'Fear Is The Key', 99, 1, 'Bruce Dickinson/Janick Gers', 335307, 13414528, 0.99);
INSERT INTO tracks (id, name, album_id, media_type_id, composer, milliseconds, bytes, unit_price) VALUES (1260, 'Childhood''s End', 99, 1, 'Steve Harris', 280607, 11225216, 0.99);
INSERT INTO tracks (id, name, album_id, media_type_id, composer, milliseconds, bytes, unit_price) VALUES (1261, 'Wasting Love', 99, 1, 'Bruce Dickinson/Janick Gers', 350981, 14041216, 0.99);
INSERT INTO tracks (id, name, album_id, media_type_id, composer, milliseconds, bytes, unit_price) VALUES (1262, 'The Fugitive', 99, 1, 'Steve Harris', 294112, 11765888, 0.99);
INSERT INTO tracks (id, name, album_id, media_type_id, composer, milliseconds, bytes, unit_price) VALUES (1263, 'Chains Of Misery', 99, 1, 'Bruce Dickinson/David Murray', 217443, 8700032, 0.99);
INSERT INTO tracks (id, name, album_id, media_type_id, composer, milliseconds, bytes, unit_price) VALUES (1264, 'The Apparition', 99, 1, 'Janick Gers/Steve Harris', 234605, 9386112, 0.99);
INSERT INTO tracks (id, name, album_id, media_type_id, composer, milliseconds, bytes, unit_price) VALUES (1265, 'Judas Be My Guide', 99, 1, 'Bruce Dickinson/David Murray', 188786, 7553152, 0.99);
INSERT INTO tracks (id, name, album_id, media_type_id, composer, milliseconds, bytes, unit_price) VALUES (1266, 'Weekend Warrior', 99, 1, 'Janick Gers/Steve Harris', 339748, 13594678, 0.99);
INSERT INTO tracks (id, name, album_id, media_type_id, composer, milliseconds, bytes, unit_price) VALUES (1267, 'Fear Of The Dark', 99, 1, 'Steve Harris', 436976, 17483789, 0.99);
INSERT INTO tracks (id, name, album_id, media_type_id, composer, milliseconds, bytes, unit_price) VALUES (1268, '01 - Prowler', 100, 1, 'Steve Harris', 236173, 5668992, 0.99);
INSERT INTO tracks (id, name, album_id, media_type_id, composer, milliseconds, bytes, unit_price) VALUES (1269, '02 - Sanctuary', 100, 1, 'David Murray/Paul Di''Anno/Steve Harris', 196284, 4712576, 0.99);
INSERT INTO tracks (id, name, album_id, media_type_id, composer, milliseconds, bytes, unit_price) VALUES (1270, '03 - Remember Tomorrow', 100, 1, 'Harris/Paul Di´Anno', 328620, 7889024, 0.99);
INSERT INTO tracks (id, name, album_id, media_type_id, composer, milliseconds, bytes, unit_price) VALUES (1271, '04 - Running Free', 100, 1, 'Harris/Paul Di´Anno', 197276, 4739122, 0.99);
INSERT INTO tracks (id, name, album_id, media_type_id, composer, milliseconds, bytes, unit_price) VALUES (1272, '05 - Phantom of the Opera', 100, 1, 'Steve Harris', 428016, 10276872, 0.99);
INSERT INTO tracks (id, name, album_id, media_type_id, composer, milliseconds, bytes, unit_price) VALUES (1273, '06 - Transylvania', 100, 1, 'Steve Harris', 259343, 6226048, 0.99);
INSERT INTO tracks (id, name, album_id, media_type_id, composer, milliseconds, bytes, unit_price) VALUES (1274, '07 - Strange World', 100, 1, 'Steve Harris', 332460, 7981184, 0.99);
INSERT INTO tracks (id, name, album_id, media_type_id, composer, milliseconds, bytes, unit_price) VALUES (1275, '08 - Charlotte the Harlot', 100, 1, 'Murray  Dave', 252708, 6066304, 0.99);
INSERT INTO tracks (id, name, album_id, media_type_id, composer, milliseconds, bytes, unit_price) VALUES (1276, '09 - Iron Maiden', 100, 1, 'Steve Harris', 216058, 5189891, 0.99);

INSERT INTO employees (id, last_name, first_name, title, reports_to, birth_date, hire_date, address, city, state, country, postal_code, phone, fax, email) VALUES (1, 'Adams', 'Andrew', 'General Manager', NULL, '1962-02-18 00:00:00', '2002-08-14 00:00:00', '11120 Jasper Ave NW', 'Edmonton', 'AB', 'Canada', 'T5K 2N1', '+1 (780) 428-9482', '+1 (780) 428-3457', 'andrew@chinookcorp.com');
INSERT INTO employees (id, last_name, first_name, title, reports_to, birth_date, hire_date, address, city, state, country, postal_code, phone, fax, email) VALUES (2, 'Edwards', 'Nancy', 'Sales Manager', 1, '1958-12-08 00:00:00', '2002-05-01 00:00:00', '825 8 Ave SW', 'Calgary', 'AB', 'Canada', 'T2P 2T3', '+1 (403) 262-3443', '+1 (403) 262-3322', 'nancy@chinookcorp.com');
INSERT INTO employees (id, last_name, first_name, title, reports_to, birth_date, hire_date, address, city, state, country, postal_code, phone, fax, email) VALUES (3, 'Peacock', 'Jane', 'Sales Support Agent', 2, '1973-08-29 00:00:00', '2002-04-01 00:00:00', '1111 6 Ave SW', 'Calgary', 'AB', 'Canada', 'T2P 5M5', '+1 (403) 262-3443', '+1 (403) 262-6712', 'jane@chinookcorp.com');
INSERT INTO employees (id, last_name, first_name, title, reports_to, birth_date, hire_date, address, city, state, country, postal_code, phone, fax, email) VALUES (4, 'Park', 'Margaret', 'Sales Support Agent', 2, '1947-09-19 00:00:00', '2003-05-03 00:00:00', '683 10 Street SW', 'Calgary', 'AB', 'Canada', 'T2P 5G3', '+1 (403) 263-4423', '+1 (403) 263-4289', 'margaret@chinookcorp.com');
INSERT INTO employees (id, last_name, first_name, title, reports_to, birth_date, hire_date, address, city, state, country, postal_code, phone, fax, email) VALUES (5, 'Johnson', 'Steve', 'Sales Support Agent', 2, '1965-03-03 00:00:00', '2003-10-17 00:00:00', '7727B 41 Ave', 'Calgary', 'AB', 'Canada', 'T3B 1Y7', '1 (780) 836-9987', '1 (780) 836-9543', 'steve@chinookcorp.com');
INSERT INTO employees (id, last_name, first_name, title, reports_to, birth_date, hire_date, address, city, state, country, postal_code, phone, fax, email) VALUES (6, 'Mitchell', 'Michael', 'IT Manager', 1, '1973-07-01 00:00:00', '2003-10-17 00:00:00', '5827 Bowness Road NW', 'Calgary', 'AB', 'Canada', 'T3B 0C5', '+1 (403) 246-9887', '+1 (403) 246-9899', 'michael@chinookcorp.com');
INSERT INTO employees (id, last_name, first_name, title, reports_to, birth_date, hire_date, address, city, state, country, postal_code, phone, fax, email) VALUES (7, 'King', 'Robert', 'IT Staff', 6, '1970-05-29 00:00:00', '2004-01-02 00:00:00', '590 Columbia Boulevard West', 'Lethbridge', 'AB', 'Canada', 'T1K 5N8', '+1 (403) 456-9986', '+1 (403) 456-8485', 'robert@chinookcorp.com');
INSERT INTO employees (id, last_name, first_name, title, reports_to, birth_date, hire_date, address, city, state, country, postal_code, phone, fax, email) VALUES (8, 'Callahan', 'Laura', 'IT Staff', 6, '1968-01-09 00:00:00', '2004-03-04 00:00:00', '923 7 ST NW', 'Lethbridge', 'AB', 'Canada', 'T1H 1Y8', '+1 (403) 467-3351', '+1 (403) 467-8772', 'laura@chinookcorp.com');

INSERT INTO customers (id, first_name, last_name, company, address, city, state, country, postal_code, phone, fax, email, support_rep_id) VALUES (1, 'Luís', 'Gonçalves', 'Embraer - Empresa Brasileira de Aeronáutica S.A.', 'Av. Brigadeiro Faria Lima, 2170', 'São José dos Campos', 'SP', 'Brazil', '12227-000', '+55 (12) 3923-5555', '+55 (12) 3923-5566', 'luisg@embraer.com.br', 3);
INSERT INTO customers (id, first_name, last_name, company, address, city, state, country, postal_code, phone, fax, email, support_rep_id) VALUES (2, 'Leonie', 'Köhler', NULL, 'Theodor-Heuss-Straße 34', 'Stuttgart', NULL, 'Germany', '70174', '+49 0711 2842222', NULL, 'leonekohler@surfeu.de', 5);
INSERT INTO customers (id, first_name, last_name, company, address, city, state, country, postal_code, phone, fax, email, support_rep_id) VALUES (3, 'François', 'Tremblay', NULL, '1498 rue Bélanger', 'Montréal', 'QC', 'Canada', 'H2G 1A7', '+1 (514) 721-4711', NULL, 'ftremblay@gmail.com', 3);
INSERT INTO customers (id, first_name, last_name, company, address, city, state, country, postal_code, phone, fax, email, support_rep_id) VALUES (4, 'Bjørn', 'Hansen', NULL, 'Ullevålsveien 14', 'Oslo', NULL, 'Norway', '0171', '+47 22 44 22 22', NULL, 'bjorn.hansen@yahoo.no', 4);
INSERT INTO customers (id, first_name, last_name, company, address, city, state, country, postal_code, phone, fax, email, support_rep_id) VALUES (5, 'František', 'Wichterlová', 'JetBrains s.r.o.', 'Klanova 9/506', 'Prague', NULL, 'Czech Republic', '14700', '+420 2 4172 5555', '+420 2 4172 5555', 'frantisekw@jetbrains.com', 4);
INSERT INTO customers (id, first_name, last_name, company, address, city, state, country, postal_code, phone, fax, email, support_rep_id) VALUES (6, 'Helena', 'Holý', NULL, 'Rilská 3174/6', 'Prague', NULL, 'Czech Republic', '14300', '+420 2 4177 0449', NULL, 'hholy@gmail.com', 5);
INSERT INTO customers (id, first_name, last_name, company, address, city, state, country, postal_code, phone, fax, email, support_rep_id) VALUES (7, 'Astrid', 'Gruber', NULL, 'Rotenturmstraße 4, 1010 Innere Stadt', 'Vienne', NULL, 'Austria', '1010', '+43 01 5134505', NULL, 'astrid.gruber@apple.at', 5);
INSERT INTO customers (id, first_name, last_name, company, address, city, state, country, postal_code, phone, fax, email, support_rep_id) VALUES (8, 'Daan', 'Peeters', NULL, 'Grétrystraat 63', 'Brussels', NULL, 'Belgium', '1000', '+32 02 219 03 03', NULL, 'daan_peeters@apple.be', 4);
INSERT INTO customers (id, first_name, last_name, company, address, city, state, country, postal_code, phone, fax, email, support_rep_id) VALUES (9, 'Kara', 'Nielsen', NULL, 'Sønder Boulevard 51', 'Copenhagen', NULL, 'Denmark', '1720', '+453 3331 9991', NULL, 'kara.nielsen@jubii.dk', 4);
INSERT INTO customers (id, first_name, last_name, company, address, city, state, country, postal_code, phone, fax, email, support_rep_id) VALUES (10, 'Eduardo', 'Martins', 'Woodstock Discos', 'Rua Dr. Falcão Filho, 155', 'São Paulo', 'SP', 'Brazil', '01007-010', '+55 (11) 3033-5446', '+55 (11) 3033-4564', 'eduardo@woodstock.com.br', 4);
INSERT INTO customers (id, first_name, last_name, company, address, city, state, country, postal_code, phone, fax, email, support_rep_id) VALUES (11, 'Alexandre', 'Rocha', 'Banco do Brasil S.A.', 'Av. Paulista, 2022', 'São Paulo', 'SP', 'Brazil', '01310-200', '+55 (11) 3055-3278', '+55 (11) 3055-8131', 'alero@uol.com.br', 5);
INSERT INTO customers (id, first_name, last_name, company, address, city, state, country, postal_code, phone, fax, email, support_rep_id) VALUES (12, 'Roberto', 'Almeida', 'Riotur', 'Praça Pio X, 119', 'Rio de Janeiro', 'RJ', 'Brazil', '20040-020', '+55 (21) 2271-7000', '+55 (21) 2271-7070', 'roberto.almeida@riotur.gov.br', 3);
INSERT INTO customers (id, first_name, last_name, company, address, city, state, country, postal_code, phone, fax, email, support_rep_id) VALUES (13, 'Fernanda', 'Ramos', NULL, 'Qe 7 Bloco G', 'Brasília', 'DF', 'Brazil', '71020-677', '+55 (61) 3363-5547', '+55 (61) 3363-7855', 'fernadaramos4@uol.com.br', 4);
INSERT INTO customers (id, first_name, last_name, company, address, city, state, country, postal_code, phone, fax, email, support_rep_id) VALUES (14, 'Mark', 'Philips', 'Telus', '8210 111 ST NW', 'Edmonton', 'AB', 'Canada', 'T6G 2C7', '+1 (780) 434-4554', '+1 (780) 434-5565', 'mphilips12@shaw.ca', 5);
INSERT INTO customers (id, first_name, last_name, company, address, city, state, country, postal_code, phone, fax, email, support_rep_id) VALUES (15, 'Jennifer', 'Peterson', 'Rogers Canada', '700 W Pender Street', 'Vancouver', 'BC', 'Canada', 'V6C 1G8', '+1 (604) 688-2255', '+1 (604) 688-8756', 'jenniferp@rogers.ca', 3);
INSERT INTO customers (id, first_name, last_name, company, address, city, state, country, postal_code, phone, fax, email, support_rep_id) VALUES (16, 'Frank', 'Harris', 'Google Inc.', '1600 Amphitheatre Parkway', 'Mountain View', 'CA', 'USA', '94043-1351', '+1 (650) 253-0000', '+1 (650) 253-0000', 'fharris@google.com', 4);
INSERT INTO customers (id, first_name, last_name, company, address, city, state, country, postal_code, phone, fax, email, support_rep_id) VALUES (17, 'Jack', 'Smith', 'Microsoft Corporation', '1 Microsoft Way', 'Redmond', 'WA', 'USA', '98052-8300', '+1 (425) 882-8080', '+1 (425) 882-8081', 'jacksmith@microsoft.com', 5);
INSERT INTO customers (id, first_name, last_name, company, address, city, state, country, postal_code, phone, fax, email, support_rep_id) VALUES (18, 'Michelle', 'Brooks', NULL, '627 Broadway', 'New York', 'NY', 'USA', '10012-2612', '+1 (212) 221-3546', '+1 (212) 221-4679', 'michelleb@aol.com', 3);
INSERT INTO customers (id, first_name, last_name, company, address, city, state, country, postal_code, phone, fax, email, support_rep_id) VALUES (19, 'Tim', 'Goyer', 'Apple Inc.', '1 Infinite Loop', 'Cupertino', 'CA', 'USA', '95014', '+1 (408) 996-1010', '+1 (408) 996-1011', 'tgoyer@apple.com', 3);
INSERT INTO customers (id, first_name, last_name, company, address, city, state, country, postal_code, phone, fax, email, support_rep_id) VALUES (20, 'Dan', 'Miller', NULL, '541 Del Medio Avenue', 'Mountain View', 'CA', 'USA', '94040-111', '+1 (650) 644-3358', NULL, 'dmiller@comcast.com', 4);
INSERT INTO customers (id, first_name, last_name, company, address, city, state, country, postal_code, phone, fax, email, support_rep_id) VALUES (21, 'Kathy', 'Chase', NULL, '801 W 4th Street', 'Reno', 'NV', 'USA', '89503', '+1 (775) 223-7665', NULL, 'kachase@hotmail.com', 5);
INSERT INTO customers (id, first_name, last_name, company, address, city, state, country, postal_code, phone, fax, email, support_rep_id) VALUES (22, 'Heather', 'Leacock', NULL, '120 S Orange Ave', 'Orlando', 'FL', 'USA', '32801', '+1 (407) 999-7788', NULL, 'hleacock@gmail.com', 4);
INSERT INTO customers (id, first_name, last_name, company, address, city, state, country, postal_code, phone, fax, email, support_rep_id) VALUES (23, 'John', 'Gordon', NULL, '69 Salem Street', 'Boston', 'MA', 'USA', '2113', '+1 (617) 522-1333', NULL, 'johngordon22@yahoo.com', 4);
INSERT INTO customers (id, first_name, last_name, company, address, city, state, country, postal_code, phone, fax, email, support_rep_id) VALUES (24, 'Frank', 'Ralston', NULL, '162 E Superior Street', 'Chicago', 'IL', 'USA', '60611', '+1 (312) 332-3232', NULL, 'fralston@gmail.com', 3);
INSERT INTO customers (id, first_name, last_name, company, address, city, state, country, postal_code, phone, fax, email, support_rep_id) VALUES (25, 'Victor', 'Stevens', NULL, '319 N. Frances Street', 'Madison', 'WI', 'USA', '53703', '+1 (608) 257-0597', NULL, 'vstevens@yahoo.com', 5);
INSERT INTO customers (id, first_name, last_name, company, address, city, state, country, postal_code, phone, fax, email, support_rep_id) VALUES (26, 'Richard', 'Cunningham', NULL, '2211 W Berry Street', 'Fort Worth', 'TX', 'USA', '76110', '+1 (817) 924-7272', NULL, 'ricunningham@hotmail.com', 4);
INSERT INTO customers (id, first_name, last_name, company, address, city, state, country, postal_code, phone, fax, email, support_rep_id) VALUES (27, 'Patrick', 'Gray', NULL, '1033 N Park Ave', 'Tucson', 'AZ', 'USA', '85719', '+1 (520) 622-4200', NULL, 'patrick.gray@aol.com', 4);
INSERT INTO customers (id, first_name, last_name, company, address, city, state, country, postal_code, phone, fax, email, support_rep_id) VALUES (28, 'Julia', 'Barnett', NULL, '302 S 700 E', 'Salt Lake City', 'UT', 'USA', '84102', '+1 (801) 531-7272', NULL, 'jubarnett@gmail.com', 5);
INSERT INTO customers (id, first_name, last_name, company, address, city, state, country, postal_code, phone, fax, email, support_rep_id) VALUES (29, 'Robert', 'Brown', NULL, '796 Dundas Street West', 'Toronto', 'ON', 'Canada', 'M6J 1V1', '+1 (416) 363-8888', NULL, 'robbrown@shaw.ca', 3);
INSERT INTO customers (id, first_name, last_name, company, address, city, state, country, postal_code, phone, fax, email, support_rep_id) VALUES (30, 'Edward', 'Francis', NULL, '230 Elgin Street', 'Ottawa', 'ON', 'Canada', 'K2P 1L7', '+1 (613) 234-3322', NULL, 'edfrancis@yachoo.ca', 3);
INSERT INTO customers (id, first_name, last_name, company, address, city, state, country, postal_code, phone, fax, email, support_rep_id) VALUES (31, 'Martha', 'Silk', NULL, '194A Chain Lake Drive', 'Halifax', 'NS', 'Canada', 'B3S 1C5', '+1 (902) 450-0450', NULL, 'marthasilk@gmail.com', 5);
INSERT INTO customers (id, first_name, last_name, company, address, city, state, country, postal_code, phone, fax, email, support_rep_id) VALUES (32, 'Aaron', 'Mitchell', NULL, '696 Osborne Street', 'Winnipeg', 'MB', 'Canada', 'R3L 2B9', '+1 (204) 452-6452', NULL, 'aaronmitchell@yahoo.ca', 4);
INSERT INTO customers (id, first_name, last_name, company, address, city, state, country, postal_code, phone, fax, email, support_rep_id) VALUES (33, 'Ellie', 'Sullivan', NULL, '5112 48 Street', 'Yellowknife', 'NT', 'Canada', 'X1A 1N6', '+1 (867) 920-2233', NULL, 'ellie.sullivan@shaw.ca', 3);
INSERT INTO customers (id, first_name, last_name, company, address, city, state, country, postal_code, phone, fax, email, support_rep_id) VALUES (34, 'João', 'Fernandes', NULL, 'Rua da Assunção 53', 'Lisbon', NULL, 'Portugal', NULL, '+351 (213) 466-111', NULL, 'jfernandes@yahoo.pt', 4);
INSERT INTO customers (id, first_name, last_name, company, address, city, state, country, postal_code, phone, fax, email, support_rep_id) VALUES (35, 'Madalena', 'Sampaio', NULL, 'Rua dos Campeões Europeus de Viena, 4350', 'Porto', NULL, 'Portugal', NULL, '+351 (225) 022-448', NULL, 'masampaio@sapo.pt', 4);
INSERT INTO customers (id, first_name, last_name, company, address, city, state, country, postal_code, phone, fax, email, support_rep_id) VALUES (36, 'Hannah', 'Schneider', NULL, 'Tauentzienstraße 8', 'Berlin', NULL, 'Germany', '10789', '+49 030 26550280', NULL, 'hannah.schneider@yahoo.de', 5);
INSERT INTO customers (id, first_name, last_name, company, address, city, state, country, postal_code, phone, fax, email, support_rep_id) VALUES (37, 'Fynn', 'Zimmermann', NULL, 'Berger Straße 10', 'Frankfurt', NULL, 'Germany', '60316', '+49 069 40598889', NULL, 'fzimmermann@yahoo.de', 3);
INSERT INTO customers (id, first_name, last_name, company, address, city, state, country, postal_code, phone, fax, email, support_rep_id) VALUES (38, 'Niklas', 'Schröder', NULL, 'Barbarossastraße 19', 'Berlin', NULL, 'Germany', '10779', '+49 030 2141444', NULL, 'nschroder@surfeu.de', 3);
INSERT INTO customers (id, first_name, last_name, company, address, city, state, country, postal_code, phone, fax, email, support_rep_id) VALUES (39, 'Camille', 'Bernard', NULL, '4, Rue Milton', 'Paris', NULL, 'France', '75009', '+33 01 49 70 65 65', NULL, 'camille.bernard@yahoo.fr', 4);
INSERT INTO customers (id, first_name, last_name, company, address, city, state, country, postal_code, phone, fax, email, support_rep_id) VALUES (40, 'Dominique', 'Lefebvre', NULL, '8, Rue Hanovre', 'Paris', NULL, 'France', '75002', '+33 01 47 42 71 71', NULL, 'dominiquelefebvre@gmail.com', 4);
INSERT INTO customers (id, first_name, last_name, company, address, city, state, country, postal_code, phone, fax, email, support_rep_id) VALUES (41, 'Marc', 'Dubois', NULL, '11, Place Bellecour', 'Lyon', NULL, 'France', '69002', '+33 04 78 30 30 30', NULL, 'marc.dubois@hotmail.com', 5);
INSERT INTO customers (id, first_name, last_name, company, address, city, state, country, postal_code, phone, fax, email, support_rep_id) VALUES (42, 'Wyatt', 'Girard', NULL, '9, Place Louis Barthou', 'Bordeaux', NULL, 'France', '33000', '+33 05 56 96 96 96', NULL, 'wyatt.girard@yahoo.fr', 3);
INSERT INTO customers (id, first_name, last_name, company, address, city, state, country, postal_code, phone, fax, email, support_rep_id) VALUES (43, 'Isabelle', 'Mercier', NULL, '68, Rue Jouvence', 'Dijon', NULL, 'France', '21000', '+33 03 80 73 66 99', NULL, 'isabelle_mercier@apple.fr', 3);
INSERT INTO customers (id, first_name, last_name, company, address, city, state, country, postal_code, phone, fax, email, support_rep_id) VALUES (44, 'Terhi', 'Hämäläinen', NULL, 'Porthaninkatu 9', 'Helsinki', NULL, 'Finland', '00530', '+358 09 870 2000', NULL, 'terhi.hamalainen@apple.fi', 3);
INSERT INTO customers (id, first_name, last_name, company, address, city, state, country, postal_code, phone, fax, email, support_rep_id) VALUES (45, 'Ladislav', 'Kovács', NULL, 'Erzsébet krt. 58.', 'Budapest', NULL, 'Hungary', 'H-1073', NULL, NULL, 'ladislav_kovacs@apple.hu', 3);
INSERT INTO customers (id, first_name, last_name, company, address, city, state, country, postal_code, phone, fax, email, support_rep_id) VALUES (46, 'Hugh', 'O''Reilly', NULL, '3 Chatham Street', 'Dublin', 'Dublin', 'Ireland', NULL, '+353 01 6792424', NULL, 'hughoreilly@apple.ie', 3);
INSERT INTO customers (id, first_name, last_name, company, address, city, state, country, postal_code, phone, fax, email, support_rep_id) VALUES (47, 'Lucas', 'Mancini', NULL, 'Via Degli Scipioni, 43', 'Rome', 'RM', 'Italy', '00192', '+39 06 39733434', NULL, 'lucas.mancini@yahoo.it', 5);
INSERT INTO customers (id, first_name, last_name, company, address, city, state, country, postal_code, phone, fax, email, support_rep_id) VALUES (48, 'Johannes', 'Van der Berg', NULL, 'Lijnbaansgracht 120bg', 'Amsterdam', 'VV', 'Netherlands', '1016', '+31 020 6223130', NULL, 'johavanderberg@yahoo.nl', 5);
INSERT INTO customers (id, first_name, last_name, company, address, city, state, country, postal_code, phone, fax, email, support_rep_id) VALUES (49, 'Stanisław', 'Wójcik', NULL, 'Ordynacka 10', 'Warsaw', NULL, 'Poland', '00-358', '+48 22 828 37 39', NULL, 'stanisław.wójcik@wp.pl', 4);
INSERT INTO customers (id, first_name, last_name, company, address, city, state, country, postal_code, phone, fax, email, support_rep_id) VALUES (50, 'Enrique', 'Muñoz', NULL, 'C/ San Bernardo 85', 'Madrid', NULL, 'Spain', '28015', '+34 914 454 454', NULL, 'enrique_munoz@yahoo.es', 5);
INSERT INTO customers (id, first_name, last_name, company, address, city, state, country, postal_code, phone, fax, email, support_rep_id) VALUES (51, 'Joakim', 'Johansson', NULL, 'Celsiusg. 9', 'Stockholm', NULL, 'Sweden', '11230', '+46 08-651 52 52', NULL, 'joakim.johansson@yahoo.se', 5);
INSERT INTO customers (id, first_name, last_name, company, address, city, state, country, postal_code, phone, fax, email, support_rep_id) VALUES (52, 'Emma', 'Jones', NULL, '202 Hoxton Street', 'London', NULL, 'United Kingdom', 'N1 5LH', '+44 020 7707 0707', NULL, 'emma_jones@hotmail.com', 3);
INSERT INTO customers (id, first_name, last_name, company, address, city, state, country, postal_code, phone, fax, email, support_rep_id) VALUES (53, 'Phil', 'Hughes', NULL, '113 Lupus St', 'London', NULL, 'United Kingdom', 'SW1V 3EN', '+44 020 7976 5722', NULL, 'phil.hughes@gmail.com', 3);
INSERT INTO customers (id, first_name, last_name, company, address, city, state, country, postal_code, phone, fax, email, support_rep_id) VALUES (54, 'Steve', 'Murray', NULL, '110 Raeburn Pl', 'Edinburgh ', NULL, 'United Kingdom', 'EH4 1HH', '+44 0131 315 3300', NULL, 'steve.murray@yahoo.uk', 5);
INSERT INTO customers (id, first_name, last_name, company, address, city, state, country, postal_code, phone, fax, email, support_rep_id) VALUES (55, 'Mark', 'Taylor', NULL, '421 Bourke Street', 'Sidney', 'NSW', 'Australia', '2010', '+61 (02) 9332 3633', NULL, 'mark.taylor@yahoo.au', 4);
INSERT INTO customers (id, first_name, last_name, company, address, city, state, country, postal_code, phone, fax, email, support_rep_id) VALUES (56, 'Diego', 'Gutiérrez', NULL, '307 Macacha Güemes', 'Buenos Aires', NULL, 'Argentina', '1106', '+54 (0)11 4311 4333', NULL, 'diego.gutierrez@yahoo.ar', 4);
INSERT INTO customers (id, first_name, last_name, company, address, city, state, country, postal_code, phone, fax, email, support_rep_id) VALUES (57, 'Luis', 'Rojas', NULL, 'Calle Lira, 198', 'Santiago', NULL, 'Chile', NULL, '+56 (0)2 635 4444', NULL, 'luisrojas@yahoo.cl', 5);
INSERT INTO customers (id, first_name, last_name, company, address, city, state, country, postal_code, phone, fax, email, support_rep_id) VALUES (58, 'Manoj', 'Pareek', NULL, '12,Community Centre', 'Delhi', NULL, 'India', '110017', '+91 0124 39883988', NULL, 'manoj.pareek@rediff.com', 3);
INSERT INTO customers (id, first_name, last_name, company, address, city, state, country, postal_code, phone, fax, email, support_rep_id) VALUES (59, 'Puja', 'Srivastava', NULL, '3,Raj Bhavan Road', 'Bangalore', NULL, 'India', '560001', '+91 080 22289999', NULL, 'puja_srivastava@yahoo.in', 3);

INSERT INTO invoices (id, customer_id, invoice_date, billing_address, billing_city, billing_state, billing_country, billing_postal_code, total) VALUES (1, 2, '2007-01-01 00:00:00', 'Theodor-Heuss-Straße 34', 'Stuttgart', NULL, 'Germany', '70174', 1.98);
INSERT INTO invoices (id, customer_id, invoice_date, billing_address, billing_city, billing_state, billing_country, billing_postal_code, total) VALUES (2, 4, '2007-01-02 00:00:00', 'Ullevålsveien 14', 'Oslo', NULL, 'Norway', '0171', 3.96);
INSERT INTO invoices (id, customer_id, invoice_date, billing_address, billing_city, billing_state, billing_country, billing_postal_code, total) VALUES (3, 8, '2007-01-03 00:00:00', 'Grétrystraat 63', 'Brussels', NULL, 'Belgium', '1000', 5.94);
INSERT INTO invoices (id, customer_id, invoice_date, billing_address, billing_city, billing_state, billing_country, billing_postal_code, total) VALUES (4, 14, '2007-01-06 00:00:00', '8210 111 ST NW', 'Edmonton', 'AB', 'Canada', 'T6G 2C7', 8.91);
INSERT INTO invoices (id, customer_id, invoice_date, billing_address, billing_city, billing_state, billing_country, billing_postal_code, total) VALUES (5, 23, '2007-01-11 00:00:00', '69 Salem Street', 'Boston', 'MA', 'USA', '2113', 13.86);
INSERT INTO invoices (id, customer_id, invoice_date, billing_address, billing_city, billing_state, billing_country, billing_postal_code, total) VALUES (6, 37, '2007-01-19 00:00:00', 'Berger Straße 10', 'Frankfurt', NULL, 'Germany', '60316', 0.99);
INSERT INTO invoices (id, customer_id, invoice_date, billing_address, billing_city, billing_state, billing_country, billing_postal_code, total) VALUES (7, 38, '2007-02-01 00:00:00', 'Barbarossastraße 19', 'Berlin', NULL, 'Germany', '10779', 1.98);
INSERT INTO invoices (id, customer_id, invoice_date, billing_address, billing_city, billing_state, billing_country, billing_postal_code, total) VALUES (8, 40, '2007-02-01 00:00:00', '8, Rue Hanovre', 'Paris', NULL, 'France', '75002', 1.98);
INSERT INTO invoices (id, customer_id, invoice_date, billing_address, billing_city, billing_state, billing_country, billing_postal_code, total) VALUES (9, 42, '2007-02-02 00:00:00', '9, Place Louis Barthou', 'Bordeaux', NULL, 'France', '33000', 3.96);
INSERT INTO invoices (id, customer_id, invoice_date, billing_address, billing_city, billing_state, billing_country, billing_postal_code, total) VALUES (10, 46, '2007-02-03 00:00:00', '3 Chatham Street', 'Dublin', 'Dublin', 'Ireland', NULL, 5.94);
INSERT INTO invoices (id, customer_id, invoice_date, billing_address, billing_city, billing_state, billing_country, billing_postal_code, total) VALUES (11, 52, '2007-02-06 00:00:00', '202 Hoxton Street', 'London', NULL, 'United Kingdom', 'N1 5LH', 8.91);
INSERT INTO invoices (id, customer_id, invoice_date, billing_address, billing_city, billing_state, billing_country, billing_postal_code, total) VALUES (12, 2, '2007-02-11 00:00:00', 'Theodor-Heuss-Straße 34', 'Stuttgart', NULL, 'Germany', '70174', 13.86);
INSERT INTO invoices (id, customer_id, invoice_date, billing_address, billing_city, billing_state, billing_country, billing_postal_code, total) VALUES (13, 16, '2007-02-19 00:00:00', '1600 Amphitheatre Parkway', 'Mountain View', 'CA', 'USA', '94043-1351', 0.99);
INSERT INTO invoices (id, customer_id, invoice_date, billing_address, billing_city, billing_state, billing_country, billing_postal_code, total) VALUES (14, 17, '2007-03-04 00:00:00', '1 Microsoft Way', 'Redmond', 'WA', 'USA', '98052-8300', 1.98);
INSERT INTO invoices (id, customer_id, invoice_date, billing_address, billing_city, billing_state, billing_country, billing_postal_code, total) VALUES (15, 19, '2007-03-04 00:00:00', '1 Infinite Loop', 'Cupertino', 'CA', 'USA', '95014', 1.98);
INSERT INTO invoices (id, customer_id, invoice_date, billing_address, billing_city, billing_state, billing_country, billing_postal_code, total) VALUES (16, 21, '2007-03-05 00:00:00', '801 W 4th Street', 'Reno', 'NV', 'USA', '89503', 3.96);
INSERT INTO invoices (id, customer_id, invoice_date, billing_address, billing_city, billing_state, billing_country, billing_postal_code, total) VALUES (17, 25, '2007-03-06 00:00:00', '319 N. Frances Street', 'Madison', 'WI', 'USA', '53703', 5.94);
INSERT INTO invoices (id, customer_id, invoice_date, billing_address, billing_city, billing_state, billing_country, billing_postal_code, total) VALUES (18, 31, '2007-03-09 00:00:00', '194A Chain Lake Drive', 'Halifax', 'NS', 'Canada', 'B3S 1C5', 8.91);
INSERT INTO invoices (id, customer_id, invoice_date, billing_address, billing_city, billing_state, billing_country, billing_postal_code, total) VALUES (19, 40, '2007-03-14 00:00:00', '8, Rue Hanovre', 'Paris', NULL, 'France', '75002', 13.86);
INSERT INTO invoices (id, customer_id, invoice_date, billing_address, billing_city, billing_state, billing_country, billing_postal_code, total) VALUES (20, 54, '2007-03-22 00:00:00', '110 Raeburn Pl', 'Edinburgh ', NULL, 'United Kingdom', 'EH4 1HH', 0.99);
INSERT INTO invoices (id, customer_id, invoice_date, billing_address, billing_city, billing_state, billing_country, billing_postal_code, total) VALUES (21, 55, '2007-04-04 00:00:00', '421 Bourke Street', 'Sidney', 'NSW', 'Australia', '2010', 1.98);
INSERT INTO invoices (id, customer_id, invoice_date, billing_address, billing_city, billing_state, billing_country, billing_postal_code, total) VALUES (22, 57, '2007-04-04 00:00:00', 'Calle Lira, 198', 'Santiago', NULL, 'Chile', NULL, 1.98);
INSERT INTO invoices (id, customer_id, invoice_date, billing_address, billing_city, billing_state, billing_country, billing_postal_code, total) VALUES (23, 59, '2007-04-05 00:00:00', '3,Raj Bhavan Road', 'Bangalore', NULL, 'India', '560001', 3.96);
INSERT INTO invoices (id, customer_id, invoice_date, billing_address, billing_city, billing_state, billing_country, billing_postal_code, total) VALUES (24, 4, '2007-04-06 00:00:00', 'Ullevålsveien 14', 'Oslo', NULL, 'Norway', '0171', 5.94);
INSERT INTO invoices (id, customer_id, invoice_date, billing_address, billing_city, billing_state, billing_country, billing_postal_code, total) VALUES (25, 10, '2007-04-09 00:00:00', 'Rua Dr. Falcão Filho, 155', 'São Paulo', 'SP', 'Brazil', '01007-010', 8.91);
INSERT INTO invoices (id, customer_id, invoice_date, billing_address, billing_city, billing_state, billing_country, billing_postal_code, total) VALUES (26, 19, '2007-04-14 00:00:00', '1 Infinite Loop', 'Cupertino', 'CA', 'USA', '95014', 13.86);
INSERT INTO invoices (id, customer_id, invoice_date, billing_address, billing_city, billing_state, billing_country, billing_postal_code, total) VALUES (27, 33, '2007-04-22 00:00:00', '5112 48 Street', 'Yellowknife', 'NT', 'Canada', 'X1A 1N6', 0.99);
INSERT INTO invoices (id, customer_id, invoice_date, billing_address, billing_city, billing_state, billing_country, billing_postal_code, total) VALUES (28, 34, '2007-05-05 00:00:00', 'Rua da Assunção 53', 'Lisbon', NULL, 'Portugal', NULL, 1.98);
INSERT INTO invoices (id, customer_id, invoice_date, billing_address, billing_city, billing_state, billing_country, billing_postal_code, total) VALUES (29, 36, '2007-05-05 00:00:00', 'Tauentzienstraße 8', 'Berlin', NULL, 'Germany', '10789', 1.98);
INSERT INTO invoices (id, customer_id, invoice_date, billing_address, billing_city, billing_state, billing_country, billing_postal_code, total) VALUES (30, 38, '2007-05-06 00:00:00', 'Barbarossastraße 19', 'Berlin', NULL, 'Germany', '10779', 3.96);
INSERT INTO invoices (id, customer_id, invoice_date, billing_address, billing_city, billing_state, billing_country, billing_postal_code, total) VALUES (31, 42, '2007-05-07 00:00:00', '9, Place Louis Barthou', 'Bordeaux', NULL, 'France', '33000', 5.94);
INSERT INTO invoices (id, customer_id, invoice_date, billing_address, billing_city, billing_state, billing_country, billing_postal_code, total) VALUES (32, 48, '2007-05-10 00:00:00', 'Lijnbaansgracht 120bg', 'Amsterdam', 'VV', 'Netherlands', '1016', 8.91);
INSERT INTO invoices (id, customer_id, invoice_date, billing_address, billing_city, billing_state, billing_country, billing_postal_code, total) VALUES (33, 57, '2007-05-15 00:00:00', 'Calle Lira, 198', 'Santiago', NULL, 'Chile', NULL, 13.86);
INSERT INTO invoices (id, customer_id, invoice_date, billing_address, billing_city, billing_state, billing_country, billing_postal_code, total) VALUES (34, 12, '2007-05-23 00:00:00', 'Praça Pio X, 119', 'Rio de Janeiro', 'RJ', 'Brazil', '20040-020', 0.99);
INSERT INTO invoices (id, customer_id, invoice_date, billing_address, billing_city, billing_state, billing_country, billing_postal_code, total) VALUES (35, 13, '2007-06-05 00:00:00', 'Qe 7 Bloco G', 'Brasília', 'DF', 'Brazil', '71020-677', 1.98);
INSERT INTO invoices (id, customer_id, invoice_date, billing_address, billing_city, billing_state, billing_country, billing_postal_code, total) VALUES (36, 15, '2007-06-05 00:00:00', '700 W Pender Street', 'Vancouver', 'BC', 'Canada', 'V6C 1G8', 1.98);
INSERT INTO invoices (id, customer_id, invoice_date, billing_address, billing_city, billing_state, billing_country, billing_postal_code, total) VALUES (37, 17, '2007-06-06 00:00:00', '1 Microsoft Way', 'Redmond', 'WA', 'USA', '98052-8300', 3.96);
INSERT INTO invoices (id, customer_id, invoice_date, billing_address, billing_city, billing_state, billing_country, billing_postal_code, total) VALUES (38, 21, '2007-06-07 00:00:00', '801 W 4th Street', 'Reno', 'NV', 'USA', '89503', 5.94);
INSERT INTO invoices (id, customer_id, invoice_date, billing_address, billing_city, billing_state, billing_country, billing_postal_code, total) VALUES (39, 27, '2007-06-10 00:00:00', '1033 N Park Ave', 'Tucson', 'AZ', 'USA', '85719', 8.91);
INSERT INTO invoices (id, customer_id, invoice_date, billing_address, billing_city, billing_state, billing_country, billing_postal_code, total) VALUES (40, 36, '2007-06-15 00:00:00', 'Tauentzienstraße 8', 'Berlin', NULL, 'Germany', '10789', 13.86);
INSERT INTO invoices (id, customer_id, invoice_date, billing_address, billing_city, billing_state, billing_country, billing_postal_code, total) VALUES (108, 47, '2008-04-12 00:00:00', 'Via Degli Scipioni, 43', 'Rome', 'RM', 'Italy', '00192', 5.94);
INSERT INTO invoices (id, customer_id, invoice_date, billing_address, billing_city, billing_state, billing_country, billing_postal_code, total) VALUES (109, 53, '2008-04-15 00:00:00', '113 Lupus St', 'London', NULL, 'United Kingdom', 'SW1V 3EN', 8.91);
INSERT INTO invoices (id, customer_id, invoice_date, billing_address, billing_city, billing_state, billing_country, billing_postal_code, total) VALUES (110, 3, '2008-04-20 00:00:00', '1498 rue Bélanger', 'Montréal', 'QC', 'Canada', 'H2G 1A7', 13.86);
INSERT INTO invoices (id, customer_id, invoice_date, billing_address, billing_city, billing_state, billing_country, billing_postal_code, total) VALUES (111, 17, '2008-04-28 00:00:00', '1 Microsoft Way', 'Redmond', 'WA', 'USA', '98052-8300', 0.99);
INSERT INTO invoices (id, customer_id, invoice_date, billing_address, billing_city, billing_state, billing_country, billing_postal_code, total) VALUES (112, 18, '2008-05-11 00:00:00', '627 Broadway', 'New York', 'NY', 'USA', '10012-2612', 1.98);
INSERT INTO invoices (id, customer_id, invoice_date, billing_address, billing_city, billing_state, billing_country, billing_postal_code, total) VALUES (113, 20, '2008-05-11 00:00:00', '541 Del Medio Avenue', 'Mountain View', 'CA', 'USA', '94040-111', 1.98);
INSERT INTO invoices (id, customer_id, invoice_date, billing_address, billing_city, billing_state, billing_country, billing_postal_code, total) VALUES (114, 22, '2008-05-12 00:00:00', '120 S Orange Ave', 'Orlando', 'FL', 'USA', '32801', 3.96);
INSERT INTO invoices (id, customer_id, invoice_date, billing_address, billing_city, billing_state, billing_country, billing_postal_code, total) VALUES (115, 26, '2008-05-13 00:00:00', '2211 W Berry Street', 'Fort Worth', 'TX', 'USA', '76110', 5.94);
INSERT INTO invoices (id, customer_id, invoice_date, billing_address, billing_city, billing_state, billing_country, billing_postal_code, total) VALUES (116, 32, '2008-05-16 00:00:00', '696 Osborne Street', 'Winnipeg', 'MB', 'Canada', 'R3L 2B9', 8.91);
INSERT INTO invoices (id, customer_id, invoice_date, billing_address, billing_city, billing_state, billing_country, billing_postal_code, total) VALUES (117, 41, '2008-05-21 00:00:00', '11, Place Bellecour', 'Lyon', NULL, 'France', '69002', 13.86);
INSERT INTO invoices (id, customer_id, invoice_date, billing_address, billing_city, billing_state, billing_country, billing_postal_code, total) VALUES (118, 55, '2008-05-29 00:00:00', '421 Bourke Street', 'Sidney', 'NSW', 'Australia', '2010', 0.99);
INSERT INTO invoices (id, customer_id, invoice_date, billing_address, billing_city, billing_state, billing_country, billing_postal_code, total) VALUES (119, 56, '2008-06-11 00:00:00', '307 Macacha Güemes', 'Buenos Aires', NULL, 'Argentina', '1106', 1.98);
INSERT INTO invoices (id, customer_id, invoice_date, billing_address, billing_city, billing_state, billing_country, billing_postal_code, total) VALUES (120, 58, '2008-06-11 00:00:00', '12,Community Centre', 'Delhi', NULL, 'India', '110017', 1.98);
INSERT INTO invoices (id, customer_id, invoice_date, billing_address, billing_city, billing_state, billing_country, billing_postal_code, total) VALUES (121, 1, '2008-06-12 00:00:00', 'Av. Brigadeiro Faria Lima, 2170', 'São José dos Campos', 'SP', 'Brazil', '12227-000', 3.96);
INSERT INTO invoices (id, customer_id, invoice_date, billing_address, billing_city, billing_state, billing_country, billing_postal_code, total) VALUES (122, 5, '2008-06-13 00:00:00', 'Klanova 9/506', 'Prague', NULL, 'Czech Republic', '14700', 5.94);
INSERT INTO invoices (id, customer_id, invoice_date, billing_address, billing_city, billing_state, billing_country, billing_postal_code, total) VALUES (123, 11, '2008-06-16 00:00:00', 'Av. Paulista, 2022', 'São Paulo', 'SP', 'Brazil', '01310-200', 8.91);
INSERT INTO invoices (id, customer_id, invoice_date, billing_address, billing_city, billing_state, billing_country, billing_postal_code, total) VALUES (124, 20, '2008-06-21 00:00:00', '541 Del Medio Avenue', 'Mountain View', 'CA', 'USA', '94040-111', 13.86);
INSERT INTO invoices (id, customer_id, invoice_date, billing_address, billing_city, billing_state, billing_country, billing_postal_code, total) VALUES (125, 34, '2008-06-29 00:00:00', 'Rua da Assunção 53', 'Lisbon', NULL, 'Portugal', NULL, 0.99);
INSERT INTO invoices (id, customer_id, invoice_date, billing_address, billing_city, billing_state, billing_country, billing_postal_code, total) VALUES (126, 35, '2008-07-12 00:00:00', 'Rua dos Campeões Europeus de Viena, 4350', 'Porto', NULL, 'Portugal', NULL, 1.98);
INSERT INTO invoices (id, customer_id, invoice_date, billing_address, billing_city, billing_state, billing_country, billing_postal_code, total) VALUES (127, 37, '2008-07-12 00:00:00', 'Berger Straße 10', 'Frankfurt', NULL, 'Germany', '60316', 1.98);
INSERT INTO invoices (id, customer_id, invoice_date, billing_address, billing_city, billing_state, billing_country, billing_postal_code, total) VALUES (128, 39, '2008-07-13 00:00:00', '4, Rue Milton', 'Paris', NULL, 'France', '75009', 3.96);
INSERT INTO invoices (id, customer_id, invoice_date, billing_address, billing_city, billing_state, billing_country, billing_postal_code, total) VALUES (129, 43, '2008-07-14 00:00:00', '68, Rue Jouvence', 'Dijon', NULL, 'France', '21000', 5.94);
INSERT INTO invoices (id, customer_id, invoice_date, billing_address, billing_city, billing_state, billing_country, billing_postal_code, total) VALUES (130, 49, '2008-07-17 00:00:00', 'Ordynacka 10', 'Warsaw', NULL, 'Poland', '00-358', 8.91);
INSERT INTO invoices (id, customer_id, invoice_date, billing_address, billing_city, billing_state, billing_country, billing_postal_code, total) VALUES (131, 58, '2008-07-22 00:00:00', '12,Community Centre', 'Delhi', NULL, 'India', '110017', 13.86);
INSERT INTO invoices (id, customer_id, invoice_date, billing_address, billing_city, billing_state, billing_country, billing_postal_code, total) VALUES (132, 13, '2008-07-30 00:00:00', 'Qe 7 Bloco G', 'Brasília', 'DF', 'Brazil', '71020-677', 0.99);
INSERT INTO invoices (id, customer_id, invoice_date, billing_address, billing_city, billing_state, billing_country, billing_postal_code, total) VALUES (133, 14, '2008-08-12 00:00:00', '8210 111 ST NW', 'Edmonton', 'AB', 'Canada', 'T6G 2C7', 1.98);
INSERT INTO invoices (id, customer_id, invoice_date, billing_address, billing_city, billing_state, billing_country, billing_postal_code, total) VALUES (134, 16, '2008-08-12 00:00:00', '1600 Amphitheatre Parkway', 'Mountain View', 'CA', 'USA', '94043-1351', 1.98);
INSERT INTO invoices (id, customer_id, invoice_date, billing_address, billing_city, billing_state, billing_country, billing_postal_code, total) VALUES (135, 18, '2008-08-13 00:00:00', '627 Broadway', 'New York', 'NY', 'USA', '10012-2612', 3.96);
INSERT INTO invoices (id, customer_id, invoice_date, billing_address, billing_city, billing_state, billing_country, billing_postal_code, total) VALUES (136, 22, '2008-08-14 00:00:00', '120 S Orange Ave', 'Orlando', 'FL', 'USA', '32801', 5.94);
INSERT INTO invoices (id, customer_id, invoice_date, billing_address, billing_city, billing_state, billing_country, billing_postal_code, total) VALUES (137, 28, '2008-08-17 00:00:00', '302 S 700 E', 'Salt Lake City', 'UT', 'USA', '84102', 8.91);
INSERT INTO invoices (id, customer_id, invoice_date, billing_address, billing_city, billing_state, billing_country, billing_postal_code, total) VALUES (138, 37, '2008-08-22 00:00:00', 'Berger Straße 10', 'Frankfurt', NULL, 'Germany', '60316', 13.86);
INSERT INTO invoices (id, customer_id, invoice_date, billing_address, billing_city, billing_state, billing_country, billing_postal_code, total) VALUES (139, 51, '2008-08-30 00:00:00', 'Celsiusg. 9', 'Stockholm', NULL, 'Sweden', '11230', 0.99);
INSERT INTO invoices (id, customer_id, invoice_date, billing_address, billing_city, billing_state, billing_country, billing_postal_code, total) VALUES (140, 52, '2008-09-12 00:00:00', '202 Hoxton Street', 'London', NULL, 'United Kingdom', 'N1 5LH', 1.98);
INSERT INTO invoices (id, customer_id, invoice_date, billing_address, billing_city, billing_state, billing_country, billing_postal_code, total) VALUES (141, 54, '2008-09-12 00:00:00', '110 Raeburn Pl', 'Edinburgh ', NULL, 'United Kingdom', 'EH4 1HH', 1.98);
INSERT INTO invoices (id, customer_id, invoice_date, billing_address, billing_city, billing_state, billing_country, billing_postal_code, total) VALUES (142, 56, '2008-09-13 00:00:00', '307 Macacha Güemes', 'Buenos Aires', NULL, 'Argentina', '1106', 3.96);
INSERT INTO invoices (id, customer_id, invoice_date, billing_address, billing_city, billing_state, billing_country, billing_postal_code, total) VALUES (143, 1, '2008-09-14 00:00:00', 'Av. Brigadeiro Faria Lima, 2170', 'São José dos Campos', 'SP', 'Brazil', '12227-000', 5.94);
INSERT INTO invoices (id, customer_id, invoice_date, billing_address, billing_city, billing_state, billing_country, billing_postal_code, total) VALUES (144, 7, '2008-09-17 00:00:00', 'Rotenturmstraße 4, 1010 Innere Stadt', 'Vienne', NULL, 'Austria', '1010', 8.91);
INSERT INTO invoices (id, customer_id, invoice_date, billing_address, billing_city, billing_state, billing_country, billing_postal_code, total) VALUES (145, 16, '2008-09-22 00:00:00', '1600 Amphitheatre Parkway', 'Mountain View', 'CA', 'USA', '94043-1351', 13.86);
INSERT INTO invoices (id, customer_id, invoice_date, billing_address, billing_city, billing_state, billing_country, billing_postal_code, total) VALUES (214, 33, '2009-07-24 00:00:00', '5112 48 Street', 'Yellowknife', 'NT', 'Canada', 'X1A 1N6', 8.91);
INSERT INTO invoices (id, customer_id, invoice_date, billing_address, billing_city, billing_state, billing_country, billing_postal_code, total) VALUES (215, 42, '2009-07-29 00:00:00', '9, Place Louis Barthou', 'Bordeaux', NULL, 'France', '33000', 13.86);
INSERT INTO invoices (id, customer_id, invoice_date, billing_address, billing_city, billing_state, billing_country, billing_postal_code, total) VALUES (216, 56, '2009-08-06 00:00:00', '307 Macacha Güemes', 'Buenos Aires', NULL, 'Argentina', '1106', 0.99);
INSERT INTO invoices (id, customer_id, invoice_date, billing_address, billing_city, billing_state, billing_country, billing_postal_code, total) VALUES (217, 57, '2009-08-19 00:00:00', 'Calle Lira, 198', 'Santiago', NULL, 'Chile', NULL, 1.98);
INSERT INTO invoices (id, customer_id, invoice_date, billing_address, billing_city, billing_state, billing_country, billing_postal_code, total) VALUES (218, 59, '2009-08-19 00:00:00', '3,Raj Bhavan Road', 'Bangalore', NULL, 'India', '560001', 1.98);
INSERT INTO invoices (id, customer_id, invoice_date, billing_address, billing_city, billing_state, billing_country, billing_postal_code, total) VALUES (219, 2, '2009-08-20 00:00:00', 'Theodor-Heuss-Straße 34', 'Stuttgart', NULL, 'Germany', '70174', 3.96);
INSERT INTO invoices (id, customer_id, invoice_date, billing_address, billing_city, billing_state, billing_country, billing_postal_code, total) VALUES (220, 6, '2009-08-21 00:00:00', 'Rilská 3174/6', 'Prague', NULL, 'Czech Republic', '14300', 5.94);
INSERT INTO invoices (id, customer_id, invoice_date, billing_address, billing_city, billing_state, billing_country, billing_postal_code, total) VALUES (221, 12, '2009-08-24 00:00:00', 'Praça Pio X, 119', 'Rio de Janeiro', 'RJ', 'Brazil', '20040-020', 8.91);
INSERT INTO invoices (id, customer_id, invoice_date, billing_address, billing_city, billing_state, billing_country, billing_postal_code, total) VALUES (222, 21, '2009-08-29 00:00:00', '801 W 4th Street', 'Reno', 'NV', 'USA', '89503', 13.86);
INSERT INTO invoices (id, customer_id, invoice_date, billing_address, billing_city, billing_state, billing_country, billing_postal_code, total) VALUES (223, 35, '2009-09-06 00:00:00', 'Rua dos Campeões Europeus de Viena, 4350', 'Porto', NULL, 'Portugal', NULL, 0.99);
INSERT INTO invoices (id, customer_id, invoice_date, billing_address, billing_city, billing_state, billing_country, billing_postal_code, total) VALUES (224, 36, '2009-09-19 00:00:00', 'Tauentzienstraße 8', 'Berlin', NULL, 'Germany', '10789', 1.98);
INSERT INTO invoices (id, customer_id, invoice_date, billing_address, billing_city, billing_state, billing_country, billing_postal_code, total) VALUES (225, 38, '2009-09-19 00:00:00', 'Barbarossastraße 19', 'Berlin', NULL, 'Germany', '10779', 1.98);
INSERT INTO invoices (id, customer_id, invoice_date, billing_address, billing_city, billing_state, billing_country, billing_postal_code, total) VALUES (226, 40, '2009-09-20 00:00:00', '8, Rue Hanovre', 'Paris', NULL, 'France', '75002', 3.96);
INSERT INTO invoices (id, customer_id, invoice_date, billing_address, billing_city, billing_state, billing_country, billing_postal_code, total) VALUES (227, 44, '2009-09-21 00:00:00', 'Porthaninkatu 9', 'Helsinki', NULL, 'Finland', '00530', 5.94);
INSERT INTO invoices (id, customer_id, invoice_date, billing_address, billing_city, billing_state, billing_country, billing_postal_code, total) VALUES (228, 50, '2009-09-24 00:00:00', 'C/ San Bernardo 85', 'Madrid', NULL, 'Spain', '28015', 8.91);
INSERT INTO invoices (id, customer_id, invoice_date, billing_address, billing_city, billing_state, billing_country, billing_postal_code, total) VALUES (229, 59, '2009-09-29 00:00:00', '3,Raj Bhavan Road', 'Bangalore', NULL, 'India', '560001', 13.86);
INSERT INTO invoices (id, customer_id, invoice_date, billing_address, billing_city, billing_state, billing_country, billing_postal_code, total) VALUES (233, 19, '2009-10-21 00:00:00', '1 Infinite Loop', 'Cupertino', 'CA', 'USA', '95014', 3.96);
INSERT INTO invoices (id, customer_id, invoice_date, billing_address, billing_city, billing_state, billing_country, billing_postal_code, total) VALUES (234, 23, '2009-10-22 00:00:00', '69 Salem Street', 'Boston', 'MA', 'USA', '2113', 5.94);
INSERT INTO invoices (id, customer_id, invoice_date, billing_address, billing_city, billing_state, billing_country, billing_postal_code, total) VALUES (235, 29, '2009-10-25 00:00:00', '796 Dundas Street West', 'Toronto', 'ON', 'Canada', 'M6J 1V1', 8.91);
INSERT INTO invoices (id, customer_id, invoice_date, billing_address, billing_city, billing_state, billing_country, billing_postal_code, total) VALUES (236, 38, '2009-10-30 00:00:00', 'Barbarossastraße 19', 'Berlin', NULL, 'Germany', '10779', 13.86);
INSERT INTO invoices (id, customer_id, invoice_date, billing_address, billing_city, billing_state, billing_country, billing_postal_code, total) VALUES (237, 52, '2009-11-07 00:00:00', '202 Hoxton Street', 'London', NULL, 'United Kingdom', 'N1 5LH', 0.99);
INSERT INTO invoices (id, customer_id, invoice_date, billing_address, billing_city, billing_state, billing_country, billing_postal_code, total) VALUES (238, 53, '2009-11-20 00:00:00', '113 Lupus St', 'London', NULL, 'United Kingdom', 'SW1V 3EN', 1.98);
INSERT INTO invoices (id, customer_id, invoice_date, billing_address, billing_city, billing_state, billing_country, billing_postal_code, total) VALUES (239, 55, '2009-11-20 00:00:00', '421 Bourke Street', 'Sidney', 'NSW', 'Australia', '2010', 1.98);
INSERT INTO invoices (id, customer_id, invoice_date, billing_address, billing_city, billing_state, billing_country, billing_postal_code, total) VALUES (240, 57, '2009-11-21 00:00:00', 'Calle Lira, 198', 'Santiago', NULL, 'Chile', NULL, 3.96);
INSERT INTO invoices (id, customer_id, invoice_date, billing_address, billing_city, billing_state, billing_country, billing_postal_code, total) VALUES (241, 2, '2009-11-22 00:00:00', 'Theodor-Heuss-Straße 34', 'Stuttgart', NULL, 'Germany', '70174', 5.94);
INSERT INTO invoices (id, customer_id, invoice_date, billing_address, billing_city, billing_state, billing_country, billing_postal_code, total) VALUES (242, 8, '2009-11-25 00:00:00', 'Grétrystraat 63', 'Brussels', NULL, 'Belgium', '1000', 8.91);
INSERT INTO invoices (id, customer_id, invoice_date, billing_address, billing_city, billing_state, billing_country, billing_postal_code, total) VALUES (243, 17, '2009-11-30 00:00:00', '1 Microsoft Way', 'Redmond', 'WA', 'USA', '98052-8300', 13.86);
INSERT INTO invoices (id, customer_id, invoice_date, billing_address, billing_city, billing_state, billing_country, billing_postal_code, total) VALUES (244, 31, '2009-12-08 00:00:00', '194A Chain Lake Drive', 'Halifax', 'NS', 'Canada', 'B3S 1C5', 0.99);
INSERT INTO invoices (id, customer_id, invoice_date, billing_address, billing_city, billing_state, billing_country, billing_postal_code, total) VALUES (245, 32, '2009-12-21 00:00:00', '696 Osborne Street', 'Winnipeg', 'MB', 'Canada', 'R3L 2B9', 1.98);
INSERT INTO invoices (id, customer_id, invoice_date, billing_address, billing_city, billing_state, billing_country, billing_postal_code, total) VALUES (246, 34, '2009-12-21 00:00:00', 'Rua da Assunção 53', 'Lisbon', NULL, 'Portugal', NULL, 1.98);
INSERT INTO invoices (id, customer_id, invoice_date, billing_address, billing_city, billing_state, billing_country, billing_postal_code, total) VALUES (247, 36, '2009-12-22 00:00:00', 'Tauentzienstraße 8', 'Berlin', NULL, 'Germany', '10789', 3.96);
INSERT INTO invoices (id, customer_id, invoice_date, billing_address, billing_city, billing_state, billing_country, billing_postal_code, total) VALUES (248, 40, '2009-12-23 00:00:00', '8, Rue Hanovre', 'Paris', NULL, 'France', '75002', 5.94);
INSERT INTO invoices (id, customer_id, invoice_date, billing_address, billing_city, billing_state, billing_country, billing_postal_code, total) VALUES (249, 46, '2009-12-26 00:00:00', '3 Chatham Street', 'Dublin', 'Dublin', 'Ireland', NULL, 8.91);
INSERT INTO invoices (id, customer_id, invoice_date, billing_address, billing_city, billing_state, billing_country, billing_postal_code, total) VALUES (250, 55, '2009-12-31 00:00:00', '421 Bourke Street', 'Sidney', 'NSW', 'Australia', '2010', 13.86);
INSERT INTO invoices (id, customer_id, invoice_date, billing_address, billing_city, billing_state, billing_country, billing_postal_code, total) VALUES (319, 13, '2010-11-01 00:00:00', 'Qe 7 Bloco G', 'Brasília', 'DF', 'Brazil', '71020-677', 8.91);
INSERT INTO invoices (id, customer_id, invoice_date, billing_address, billing_city, billing_state, billing_country, billing_postal_code, total) VALUES (320, 22, '2010-11-06 00:00:00', '120 S Orange Ave', 'Orlando', 'FL', 'USA', '32801', 13.86);
INSERT INTO invoices (id, customer_id, invoice_date, billing_address, billing_city, billing_state, billing_country, billing_postal_code, total) VALUES (321, 36, '2010-11-14 00:00:00', 'Tauentzienstraße 8', 'Berlin', NULL, 'Germany', '10789', 0.99);
INSERT INTO invoices (id, customer_id, invoice_date, billing_address, billing_city, billing_state, billing_country, billing_postal_code, total) VALUES (322, 37, '2010-11-27 00:00:00', 'Berger Straße 10', 'Frankfurt', NULL, 'Germany', '60316', 1.98);
INSERT INTO invoices (id, customer_id, invoice_date, billing_address, billing_city, billing_state, billing_country, billing_postal_code, total) VALUES (323, 39, '2010-11-27 00:00:00', '4, Rue Milton', 'Paris', NULL, 'France', '75009', 1.98);
INSERT INTO invoices (id, customer_id, invoice_date, billing_address, billing_city, billing_state, billing_country, billing_postal_code, total) VALUES (324, 41, '2010-11-28 00:00:00', '11, Place Bellecour', 'Lyon', NULL, 'France', '69002', 3.96);
INSERT INTO invoices (id, customer_id, invoice_date, billing_address, billing_city, billing_state, billing_country, billing_postal_code, total) VALUES (325, 45, '2010-11-29 00:00:00', 'Erzsébet krt. 58.', 'Budapest', NULL, 'Hungary', 'H-1073', 5.94);
INSERT INTO invoices (id, customer_id, invoice_date, billing_address, billing_city, billing_state, billing_country, billing_postal_code, total) VALUES (326, 51, '2010-12-02 00:00:00', 'Celsiusg. 9', 'Stockholm', NULL, 'Sweden', '11230', 8.91);
INSERT INTO invoices (id, customer_id, invoice_date, billing_address, billing_city, billing_state, billing_country, billing_postal_code, total) VALUES (327, 1, '2010-12-07 00:00:00', 'Av. Brigadeiro Faria Lima, 2170', 'São José dos Campos', 'SP', 'Brazil', '12227-000', 13.86);
INSERT INTO invoices (id, customer_id, invoice_date, billing_address, billing_city, billing_state, billing_country, billing_postal_code, total) VALUES (328, 15, '2010-12-15 00:00:00', '700 W Pender Street', 'Vancouver', 'BC', 'Canada', 'V6C 1G8', 0.99);
INSERT INTO invoices (id, customer_id, invoice_date, billing_address, billing_city, billing_state, billing_country, billing_postal_code, total) VALUES (329, 16, '2010-12-28 00:00:00', '1600 Amphitheatre Parkway', 'Mountain View', 'CA', 'USA', '94043-1351', 1.98);
INSERT INTO invoices (id, customer_id, invoice_date, billing_address, billing_city, billing_state, billing_country, billing_postal_code, total) VALUES (330, 18, '2010-12-28 00:00:00', '627 Broadway', 'New York', 'NY', 'USA', '10012-2612', 1.98);
INSERT INTO invoices (id, customer_id, invoice_date, billing_address, billing_city, billing_state, billing_country, billing_postal_code, total) VALUES (331, 20, '2010-12-29 00:00:00', '541 Del Medio Avenue', 'Mountain View', 'CA', 'USA', '94040-111', 3.96);
INSERT INTO invoices (id, customer_id, invoice_date, billing_address, billing_city, billing_state, billing_country, billing_postal_code, total) VALUES (332, 24, '2010-12-30 00:00:00', '162 E Superior Street', 'Chicago', 'IL', 'USA', '60611', 5.94);
INSERT INTO invoices (id, customer_id, invoice_date, billing_address, billing_city, billing_state, billing_country, billing_postal_code, total) VALUES (333, 30, '2011-01-02 00:00:00', '230 Elgin Street', 'Ottawa', 'ON', 'Canada', 'K2P 1L7', 8.91);
INSERT INTO invoices (id, customer_id, invoice_date, billing_address, billing_city, billing_state, billing_country, billing_postal_code, total) VALUES (334, 39, '2011-01-07 00:00:00', '4, Rue Milton', 'Paris', NULL, 'France', '75009', 13.86);
INSERT INTO invoices (id, customer_id, invoice_date, billing_address, billing_city, billing_state, billing_country, billing_postal_code, total) VALUES (335, 53, '2011-01-15 00:00:00', '113 Lupus St', 'London', NULL, 'United Kingdom', 'SW1V 3EN', 0.99);
INSERT INTO invoices (id, customer_id, invoice_date, billing_address, billing_city, billing_state, billing_country, billing_postal_code, total) VALUES (336, 54, '2011-01-28 00:00:00', '110 Raeburn Pl', 'Edinburgh ', NULL, 'United Kingdom', 'EH4 1HH', 1.98);
INSERT INTO invoices (id, customer_id, invoice_date, billing_address, billing_city, billing_state, billing_country, billing_postal_code, total) VALUES (337, 56, '2011-01-28 00:00:00', '307 Macacha Güemes', 'Buenos Aires', NULL, 'Argentina', '1106', 1.98);
INSERT INTO invoices (id, customer_id, invoice_date, billing_address, billing_city, billing_state, billing_country, billing_postal_code, total) VALUES (338, 58, '2011-01-29 00:00:00', '12,Community Centre', 'Delhi', NULL, 'India', '110017', 3.96);
INSERT INTO invoices (id, customer_id, invoice_date, billing_address, billing_city, billing_state, billing_country, billing_postal_code, total) VALUES (339, 3, '2011-01-30 00:00:00', '1498 rue Bélanger', 'Montréal', 'QC', 'Canada', 'H2G 1A7', 5.94);
INSERT INTO invoices (id, customer_id, invoice_date, billing_address, billing_city, billing_state, billing_country, billing_postal_code, total) VALUES (340, 9, '2011-02-02 00:00:00', 'Sønder Boulevard 51', 'Copenhagen', NULL, 'Denmark', '1720', 8.91);
INSERT INTO invoices (id, customer_id, invoice_date, billing_address, billing_city, billing_state, billing_country, billing_postal_code, total) VALUES (341, 18, '2011-02-07 00:00:00', '627 Broadway', 'New York', 'NY', 'USA', '10012-2612', 13.86);
INSERT INTO invoices (id, customer_id, invoice_date, billing_address, billing_city, billing_state, billing_country, billing_postal_code, total) VALUES (342, 32, '2011-02-15 00:00:00', '696 Osborne Street', 'Winnipeg', 'MB', 'Canada', 'R3L 2B9', 0.99);
INSERT INTO invoices (id, customer_id, invoice_date, billing_address, billing_city, billing_state, billing_country, billing_postal_code, total) VALUES (343, 33, '2011-02-28 00:00:00', '5112 48 Street', 'Yellowknife', 'NT', 'Canada', 'X1A 1N6', 1.98);
INSERT INTO invoices (id, customer_id, invoice_date, billing_address, billing_city, billing_state, billing_country, billing_postal_code, total) VALUES (344, 35, '2011-02-28 00:00:00', 'Rua dos Campeões Europeus de Viena, 4350', 'Porto', NULL, 'Portugal', NULL, 1.98);
INSERT INTO invoices (id, customer_id, invoice_date, billing_address, billing_city, billing_state, billing_country, billing_postal_code, total) VALUES (345, 37, '2011-03-01 00:00:00', 'Berger Straße 10', 'Frankfurt', NULL, 'Germany', '60316', 3.96);
INSERT INTO invoices (id, customer_id, invoice_date, billing_address, billing_city, billing_state, billing_country, billing_postal_code, total) VALUES (346, 41, '2011-03-02 00:00:00', '11, Place Bellecour', 'Lyon', NULL, 'France', '69002', 5.94);
INSERT INTO invoices (id, customer_id, invoice_date, billing_address, billing_city, billing_state, billing_country, billing_postal_code, total) VALUES (347, 47, '2011-03-05 00:00:00', 'Via Degli Scipioni, 43', 'Rome', 'RM', 'Italy', '00192', 8.91);
INSERT INTO invoices (id, customer_id, invoice_date, billing_address, billing_city, billing_state, billing_country, billing_postal_code, total) VALUES (348, 56, '2011-03-10 00:00:00', '307 Macacha Güemes', 'Buenos Aires', NULL, 'Argentina', '1106', 13.86);
INSERT INTO invoices (id, customer_id, invoice_date, billing_address, billing_city, billing_state, billing_country, billing_postal_code, total) VALUES (349, 11, '2011-03-18 00:00:00', 'Av. Paulista, 2022', 'São Paulo', 'SP', 'Brazil', '01310-200', 0.99);
INSERT INTO invoices (id, customer_id, invoice_date, billing_address, billing_city, billing_state, billing_country, billing_postal_code, total) VALUES (350, 12, '2011-03-31 00:00:00', 'Praça Pio X, 119', 'Rio de Janeiro', 'RJ', 'Brazil', '20040-020', 1.98);
INSERT INTO invoices (id, customer_id, invoice_date, billing_address, billing_city, billing_state, billing_country, billing_postal_code, total) VALUES (351, 14, '2011-03-31 00:00:00', '8210 111 ST NW', 'Edmonton', 'AB', 'Canada', 'T6G 2C7', 1.98);
INSERT INTO invoices (id, customer_id, invoice_date, billing_address, billing_city, billing_state, billing_country, billing_postal_code, total) VALUES (352, 16, '2011-04-01 00:00:00', '1600 Amphitheatre Parkway', 'Mountain View', 'CA', 'USA', '94043-1351', 3.96);
INSERT INTO invoices (id, customer_id, invoice_date, billing_address, billing_city, billing_state, billing_country, billing_postal_code, total) VALUES (353, 20, '2011-04-02 00:00:00', '541 Del Medio Avenue', 'Mountain View', 'CA', 'USA', '94040-111', 5.94);
INSERT INTO invoices (id, customer_id, invoice_date, billing_address, billing_city, billing_state, billing_country, billing_postal_code, total) VALUES (354, 26, '2011-04-05 00:00:00', '2211 W Berry Street', 'Fort Worth', 'TX', 'USA', '76110', 8.91);
INSERT INTO invoices (id, customer_id, invoice_date, billing_address, billing_city, billing_state, billing_country, billing_postal_code, total) VALUES (355, 35, '2011-04-10 00:00:00', 'Rua dos Campeões Europeus de Viena, 4350', 'Porto', NULL, 'Portugal', NULL, 13.86);
